티커,종목명,Market,BPS,PER,PBR,EPS,DIV,DPS,Stocks
005930,삼성전자,KOSPI,57822,8.23,1.15,8057,2.18,1444,5969782550.0
373220,LG에너지솔루션,KOSPI,80052,160.01,6.61,3306,0.0,0,234000000.0
000660,SK하이닉스,KOSPI,92004,36.15,1.27,3242,1.02,1200,728002365.0
207940,삼성바이오로직스,KOSPI,126233,67.38,6.11,11442,0.0,0,71174000.0
005490,POSCO홀딩스,KOSPI,692323,13.24,0.79,41456,2.19,12000,84571230.0
051910,LG화학,KOSPI,445524,24.04,1.28,23670,1.76,10000,70592343.0
006400,삼성SDI,KOSPI,251948,20.45,2.37,29191,0.17,1030,68764530.0
005380,현대차,KOSPI,407147,6.53,0.46,28521,3.76,7000,211531506.0
003670,포스코퓨처엠,KOSPI,31922,273.41,13.08,1527,0.07,300,77463220.0
035420,NAVER,KOSPI,151646,42.44,1.4,5007,0.43,914,164049085.0
000270,기아,KOSPI,98117,5.81,0.8,13495,4.46,3500,402044203.0
035720,카카오,KOSPI,22893,15.6,2.12,3106,0.12,60,444263290.0
068270,셀트리온,KOSPI,28937,40.1,5.2,3751,0.25,375,146390862.0
012330,현대모비스,KOSPI,410816,8.45,0.56,27163,1.74,4000,94285094.0
105560,KB금융,KOSPI,124124,4.75,0.42,10955,5.67,2950,403511072.0
028260,삼성물산,KOSPI,164524,8.22,0.62,12460,2.25,2300,185591670.0
096770,SK이노베이션,KOSPI,229593,9.56,0.76,18214,3.35,5840,92465564.0
055550,신한지주,KOSPI,95206,4.12,0.37,8454,5.93,2065,518347118.0
066570,LG전자,KOSPI,116599,14.8,0.84,6640,0.71,700,163647814.0
047050,포스코인터내셔널,KOSPI,32288,17.05,2.52,4780,1.23,1000,175922788.0
032830,삼성생명,KOSPI,124081,7.49,0.53,8817,4.55,3000,200000000.0
003550,LG,KOSPI,164082,6.42,0.49,12422,3.76,3000,157300993.0
009150,삼성전기,KOSPI,103702,11.14,1.39,12977,1.45,2100,74693696.0
086790,하나금융지주,KOSPI,124935,3.18,0.3,11803,8.92,3350,295903476.0
033780,KT&G,KOSPI,80114,10.06,1.07,8489,5.85,5000,137292497.0
000810,삼성화재,KOSPI,276525,8.34,0.91,30113,5.5,13800,47374837.0
034730,SK,KOSPI,391404,7.1,0.35,19547,3.6,5000,73198329.0
352820,하이브,KOSPI,66995,186.96,3.53,1265,0.0,0,41652097.0
018260,삼성에스디에스,KOSPI,106311,9.59,1.28,14218,2.35,3200,77377800.0
017670,SK텔레콤,KOSPI,51911,11.47,0.91,4118,7.03,3320,218833144.0
138040,메리츠금융지주,KOSPI,27050,5.89,1.83,8406,0.21,105,208217858.0
010130,고려아연,KOSPI,455251,10.83,1.02,42967,4.3,20000,19863158.0
003490,대한항공,KOSPI,24426,4.94,0.97,4787,3.17,750,368220661.0
011200,HMM,KOSPI,42300,0.85,0.42,20556,6.83,1200,489039496.0
010950,S-Oil,KOSPI,75353,4.04,0.97,18075,7.53,5500,112582792.0
316140,우리금융지주,KOSPI,39505,2.72,0.29,4191,9.93,1130,728060549.0
024110,기업은행,KOSPI,36302,3.14,0.29,3320,9.2,960,797425869.0
259960,크래프톤,KOSPI,108962,14.81,1.45,10666,0.0,0,48362743.0
030200,KT,KOSPI,64880,6.27,0.5,5209,6.0,1960,261111808.0
028050,삼성엔지니어링,KOSPI,13741,10.47,2.58,3392,0.0,0,196000000.0
051900,LG생활건강,KOSPI,364213,31.71,1.23,14112,0.89,4000,15618197.0
090430,아모레퍼시픽,KOSPI,82107,62.6,1.49,1949,0.56,680,58492759.0
011170,롯데케미칼,KOSPI,404799,75.76,0.32,1716,2.69,3500,42775419.0
009830,한화솔루션,KOSPI,47292,18.77,0.74,1873,0.0,0,171892536.0
086280,현대글로비스,KOSPI,183094,5.4,0.94,31729,3.33,5700,37500000.0
402340,SK스퀘어,KOSPI,118972,23.92,0.37,1837,0.0,0,141467571.0
011070,LG이노텍,KOSPI,180261,6.18,1.42,41406,1.62,4150,23667107.0
012450,한화에어로스페이스,KOSPI,56612,27.14,1.9,3964,0.93,1000,50630000.0
036570,엔씨소프트,KOSPI,157391,11.65,1.59,21456,2.67,6680,21954022.0
302440,SK바이오사이언스,KOSPI,22683,47.49,3.34,1596,0.0,0,76784046.0
241560,두산밥캣,KOSPI,50136,8.36,1.07,6421,2.51,1350,100249166.0
000100,유한양행,KOSPI,28354,55.15,2.59,1329,0.55,400,76638657.0
005830,DB손해보험,KOSPI,89508,5.0,0.92,16373,5.62,4600,70800000.0
161390,한국타이어앤테크놀로지,KOSPI,72196,7.01,0.55,5658,2.02,800,123875069.0
267250,HD현대,KOSPI,105921,2.94,0.55,19933,7.85,4600,78993085.0
047810,한국항공우주,KOSPI,14648,38.64,3.21,1215,0.53,250,97475107.0
004020,현대제철,KOSPI,142260,4.41,0.24,7736,2.93,1000,133445785.0
271560,오리온,KOSPI,64606,12.33,1.89,9926,0.78,950,39536132.0
097950,CJ제일제당,KOSPI,459670,8.16,0.66,37188,1.81,5500,15054186.0
307950,현대오토에버,KOSPI,53924,36.69,2.83,4154,0.75,1140,27423982.0
032640,LG유플러스,KOSPI,18996,6.62,0.54,1543,6.37,650,436611361.0
006800,미래에셋증권,KOSPI,21818,6.35,0.3,1033,3.05,200,605316408.0
000720,현대건설,KOSPI,69028,9.54,0.5,3637,1.73,600,111355765.0
383220,F&F,KOSPI,24159,8.95,4.29,11571,1.54,1600,38307075.0
006260,LS,KOSPI,144965,6.6,0.74,16306,1.44,1550,32200000.0
011780,금호석유,KOSPI,234861,3.11,0.49,37290,4.66,5400,29314312.0
078930,GS,KOSPI,133899,1.65,0.28,22634,6.68,2500,92915378.0
064350,현대로템,KOSPI,13930,15.84,2.06,1812,0.0,0,109142293.0
128940,한미약품,KOSPI,70131,45.58,4.32,6648,0.17,500,12562158.0
010120,LS ELECTRIC,KOSPI,52919,31.13,1.81,3077,1.15,1100,30000000.0
029780,삼성카드,KOSPI,73934,5.01,0.39,5831,8.56,2500,115858891.0
016360,삼성증권,KOSPI,69383,7.65,0.52,4730,4.7,1700,89300000.0
021240,코웨이,KOSPI,31887,6.49,1.28,6314,3.17,1300,73799619.0
282330,BGF리테일,KOSPI,55724,14.3,2.87,11203,2.56,4100,17283906.0
180640,한진칼,KOSPI,37047,4.42,1.21,10143,0.38,170,66762279.0
071050,한국금융지주,KOSPI,145614,4.63,0.35,10900,4.55,2300,55725992.0
004990,롯데지주,KOSPI,100489,10.26,0.24,2387,6.12,1500,104909237.0
267260,HD현대일렉트릭,KOSPI,22854,15.46,3.05,4514,0.72,500,36047135.0
039490,키움증권,KOSPI,183566,5.36,0.52,17919,3.13,3000,26226706.0
000990,DB하이텍,KOSPI,37784,4.18,1.42,12858,2.42,1300,44398588.0
001450,현대해상,KOSPI,53896,3.99,0.53,7099,6.94,1965,89400000.0
111770,영원무역,KOSPI,64162,3.77,0.9,15377,2.64,1530,44311468.0
028670,팬오션,KOSPI,8404,3.47,0.52,1267,3.41,150,534569512.0
004370,농심,KOSPI,398464,23.41,1.18,20081,1.06,5000,6082642.0
081660,휠라홀딩스,KOSPI,31226,6.35,1.16,5720,4.35,1580,60752222.0
036460,한국가스공사,KOSPI,118693,1.39,0.2,17317,0.0,0,92313000.0
008930,한미사이언스,KOSPI,10673,34.21,3.24,1010,0.58,200,69956940.0
042670,HD현대인프라코어,KOSPI,8273,8.67,1.22,1163,2.38,240,199603453.0
007660,이수페타시스,KOSPI,3515,21.91,10.1,1620,0.28,100,63246419.0
014680,한솔케미칼,KOSPI,70184,12.55,2.52,14099,1.19,2100,11335195.0
000880,한화,KOSPI,70822,1.78,0.36,14169,2.98,750,74958735.0
138930,BNK금융지주,KOSPI,30468,2.75,0.22,2404,9.47,625,325935246.0
030000,제일기획,KOSPI,11967,9.96,1.59,1913,6.03,1150,115041225.0
298050,효성첨단소재,KOSPI,158341,14.9,2.64,28053,3.59,15000,4479948.0
139480,이마트,KOSPI,418373,1.89,0.17,37528,2.81,2000,27875819.0
204320,HL만도,KOSPI,45998,20.18,0.92,2096,1.18,500,46957120.0
006040,동원산업,KOSPI,69698,6.23,0.51,5748,3.07,1100,49982665.0
012750,에스원,KOSPI,45045,12.2,1.21,4467,4.59,2500,37999178.0
004170,신세계,KOSPI,418209,4.88,0.48,41282,1.86,3750,9845181.0
001040,CJ,KOSPI,191537,11.69,0.37,6023,3.55,2500,29176998.0
047040,대우건설,KOSPI,9040,3.65,0.5,1227,0.0,0,415622638.0
002380,KCC,KOSPI,695902,43.05,0.28,4564,4.07,8000,8886471.0
026960,동서,KOSPI,15510,10.6,1.16,1701,4.05,730,99700000.0
010060,OCI홀딩스,KOSPI,166136,2.67,0.59,36941,2.53,2500,16412642.0
175330,JB금융지주,KOSPI,23551,2.88,0.37,2996,9.66,835,196982894.0
079550,LIG넥스원,KOSPI,42909,13.31,1.75,5641,2.0,1500,22000000.0
005850,에스엘,KOSPI,35492,10.28,0.97,3360,1.74,600,46448520.0
000120,CJ대한통운,KOSPI,179031,9.9,0.45,8190,0.62,500,22812344.0
353200,대덕전자,KOSPI,17302,8.17,1.68,3570,1.37,400,49416925.0
011210,현대위아,KOSPI,124563,23.18,0.46,2463,1.23,700,27195083.0
017800,현대엘리베이,KOSPI,28992,22.3,1.48,1924,1.17,500,39092385.0
108320,LX세미콘,KOSPI,58432,6.4,1.57,14368,4.9,4500,16264300.0
006110,삼아알미늄,KOSPI,12540,62.15,7.75,1564,0.26,250,14711916.0
004000,롯데정밀화학,KOSPI,90075,10.4,0.66,5738,5.86,3500,25800000.0
145720,덴티움,KOSPI,43354,12.03,2.77,9980,0.25,300,11068830.0
002710,TCC스틸,KOSPI,8127,39.02,5.95,1239,0.25,120,26213697.0
298040,효성중공업,KOSPI,104660,169.55,1.78,1097,0.0,0,9324548.0
051600,한전KPS,KOSPI,27016,14.76,1.22,2226,3.97,1305,45000000.0
298020,효성티앤씨,KOSPI,283313,118.95,1.13,2686,3.13,10000,4327682.0
267270,HD현대건설기계,KOSPI,80387,11.29,0.86,6112,2.54,1750,19700793.0
007310,오뚜기,KOSPI,528433,4.57,0.7,80501,2.45,9000,4007830.0
000080,하이트진로,KOSPI,16906,15.52,1.15,1250,4.9,950,70133611.0
120110,코오롱인더,KOSPI,94856,8.51,0.53,5934,2.57,1300,27519091.0
001120,LX인터내셔널,KOSPI,62867,2.44,0.56,14325,8.58,3000,38760000.0
006280,녹십자,KOSPI,116367,20.24,1.0,5735,1.51,1750,11686538.0
069960,현대백화점,KOSPI,209760,9.87,0.31,6593,2.0,1300,23402441.0
137310,에스디바이오센서,KOSPI,28794,1.29,0.4,8997,8.53,990,104452353.0
139130,DGB금융지주,KOSPI,31812,3.23,0.23,2266,8.87,650,169145833.0
069620,대웅제약,KOSPI,54929,27.38,1.9,3816,0.57,600,11586575.0
006360,GS건설,KOSPI,56917,3.45,0.24,3997,9.42,1300,85581490.0
195870,해성디에스,KOSPI,26311,6.82,2.43,9376,1.41,900,17000000.0
093370,후성,KOSPI,3882,11.27,3.04,1047,0.17,20,94352104.0
375500,DL이앤씨,KOSPI,114397,2.96,0.26,10130,3.33,1000,38693623.0
192820,코스맥스,KOSPI,51220,76.17,2.73,1838,0.0,0,11349509.0
014820,동원시스템즈,KOSPI,25113,13.69,1.35,2472,1.77,600,28991282.0
005300,롯데칠성,KOSPI,150133,10.53,0.89,12754,2.46,3300,9278884.0
018670,SK가스,KOSPI,260823,4.3,0.47,28644,5.28,6500,9230244.0
285130,SK케미칼,KOSPI,124642,6.19,0.49,9910,2.45,1500,17253783.0
000240,한국앤컴퍼니,KOSPI,40622,7.09,0.31,1749,5.24,650,94935240.0
000670,영풍,KOSPI,2272640,2.45,0.23,213453,1.91,10000,1842040.0
009970,영원무역홀딩스,KOSPI,176464,2.08,0.45,37988,3.87,3050,13635592.0
103140,풍산,KOSPI,67365,5.33,0.51,6395,2.93,1000,28024278.0
010780,아이에스동서,KOSPI,46278,4.71,0.65,6426,0.0,0,30892606.0
009900,명신산업,KOSPI,7315,11.94,2.66,1633,0.0,0,52470133.0
185750,종근당,KOSPI,51191,13.03,1.69,6625,1.16,1000,12568464.0
003690,코리안리,KOSPI,22976,6.64,0.33,1132,5.72,430,140822939.0
089860,롯데렌탈,KOSPI,35333,10.42,0.76,2577,3.35,900,36634063.0
001430,세아베스틸지주,KOSPI,52580,8.92,0.44,2572,5.23,1200,35862119.0
069260,TKG휴켐스,KOSPI,19290,10.27,1.14,2132,4.57,1000,40878588.0
280360,롯데웰푸드,KOSPI,228909,17.35,0.47,6160,2.15,2300,9434574.0
178920,PI첨단소재,KOSPI,11627,18.46,2.47,1557,2.71,779,29366322.0
007340,DN오토모티브,KOSPI,101507,4.26,0.88,20987,2.79,2500,9994005.0
001800,오리온홀딩스,KOSPI,35982,8.83,0.42,1712,4.63,700,62645422.0
003230,삼양식품,KOSPI,60733,17.01,2.99,10665,0.77,1400,7533015.0
161000,애경케미칼,KOSPI,15115,12.75,1.05,1249,3.45,550,48648709.0
000210,DL,KOSPI,194062,14.07,0.19,2679,2.65,1000,20955884.0
090460,비에이치,KOSPI,17692,5.14,1.32,4551,1.07,250,34464379.0
003030,세아제강지주,KOSPI,372105,2.68,0.5,68897,1.22,2250,4141657.0
009450,경동나비엔,KOSPI,35820,13.95,1.44,3707,0.97,500,14568592.0
016380,KG스틸,KOSPI,16907,1.46,0.46,5357,1.92,150,100008897.0
300720,한일시멘트,KOSPI,20910,10.86,0.59,1138,4.69,580,69261540.0
214320,이노션,KOSPI,42482,11.76,0.98,3530,5.18,2150,20000000.0
001060,JW중외제약,KOSPI,10660,34.11,4.26,1331,0.83,375,22835036.0
023590,다우기술,KOSPI,53655,2.01,0.32,8634,3.45,600,44866617.0
002840,미원상사,KOSPI,70659,10.89,2.27,14752,0.93,1500,4850000.0
003090,대웅,KOSPI,19933,5.64,0.7,2467,0.72,100,58141980.0
268280,미원에스씨,KOSPI,75680,10.19,1.74,12932,1.75,2300,5100000.0
064960,SNT모티브,KOSPI,66442,7.18,0.7,6470,3.44,1600,14623136.0
105630,한세실업,KOSPI,13687,9.6,1.53,2182,2.39,500,40000000.0
002240,고려제강,KOSPI,64024,6.8,0.34,3242,1.36,300,25000000.0
003540,대신증권,KOSPI,40616,8.07,0.35,1750,8.49,1200,50773400.0
006120,SK디스커버리,KOSPI,153209,1.87,0.26,21631,4.21,1700,19037855.0
007700,F&F홀딩스,KOSPI,52493,5.12,0.33,3384,2.02,350,39114367.0
344820,KCC글라스,KOSPI,90484,6.86,0.45,5894,5.93,2400,15970512.0
004490,세방전지,KOSPI,91306,15.52,0.55,3222,1.2,600,14000000.0
003240,태광산업,KOSPI,4906107,1.44,0.12,406090,0.3,1750,1113400.0
383800,LX홀딩스,KOSPI,21133,3.7,0.38,2190,3.82,310,76280690.0
200880,서연이화,KOSPI,26709,7.79,0.6,2060,0.94,150,27028437.0
000070,삼양홀딩스,KOSPI,240995,7.6,0.29,9173,5.02,3500,8564271.0
010690,화신,KOSPI,10839,5.94,1.23,2254,0.75,100,34920410.0
001680,대상,KOSPI,37616,7.84,0.48,2306,4.42,800,34648025.0
031430,신세계인터내셔날,KOSPI,23264,5.19,0.74,3313,2.91,500,35700000.0
025540,한국단자,KOSPI,84382,11.73,0.66,4723,1.26,700,10415000.0
377740,바이오노트,KOSPI,15707,1.56,0.32,3277,9.61,490,101976048.0
001390,KG케미칼,KOSPI,57371,1.96,0.8,23384,1.09,500,13866096.0
005610,SPC삼립,KOSPI,48007,10.12,1.39,6568,2.56,1700,8629009.0
001530,DI동일,KOSPI,31182,7.07,0.64,2803,1.26,250,26040677.0
192400,쿠쿠홀딩스,KOSPI,31140,4.1,0.49,3755,5.2,800,35562185.0
020000,한섬,KOSPI,60819,3.39,0.31,5599,3.95,750,24630000.0
000640,동아쏘시오홀딩스,KOSPI,157100,52.13,0.59,1784,1.61,1500,6348913.0
001720,신영증권,KOSPI,177863,5.16,0.31,10783,7.19,4000,9386237.0
049770,동원F&B,KOSPI,45847,6.43,0.66,4711,2.31,701,19295620.0
057050,현대홈쇼핑,KOSPI,171103,5.56,0.24,7541,6.21,2600,12000000.0
097520,엠씨넥스,KOSPI,17477,20.77,1.54,1293,1.86,500,17977732.0
005950,이수화학,KOSPI,11236,17.95,1.63,1019,2.73,500,22450795.0
284740,쿠쿠홈시스,KOSPI,31261,4.14,0.68,5118,3.3,700,22437330.0
013890,지누스,KOSPI,34132,15.41,0.75,1658,2.07,530,18900676.0
034120,SBS,KOSPI,46405,3.22,0.6,8623,3.6,1000,18252582.0
001820,삼화콘덴서,KOSPI,21828,14.08,1.83,2840,1.25,500,10395000.0
007690,국도화학,KOSPI,99565,5.66,0.49,8626,2.87,1400,9010616.0
000480,CR홀딩스,KOSPI,21609,6.76,0.4,1279,5.21,450,28144832.0
000370,한화손해보험,KOSPI,1426,2.17,2.82,1856,0.0,0,116738915.0
170900,동아에스티,KOSPI,78380,39.59,0.8,1576,1.12,700,8614708.0
210980,SK디앤디,KOSPI,31414,6.55,0.64,3084,3.96,800,22190164.0
281820,케이씨텍,KOSPI,20995,7.88,1.01,2692,1.18,250,20861556.0
005180,빙그레,KOSPI,65119,19.14,0.85,2905,2.7,1500,9851241.0
004690,삼천리,KOSPI,410695,7.56,0.26,14387,2.76,3000,4055025.0
306200,세아제강,KOSPI,296062,2.46,0.47,56889,4.29,6000,2836300.0
058650,세아홀딩스,KOSPI,530930,3.32,0.2,31597,3.82,4000,4000000.0
033270,유나이티드제약,KOSPI,22971,9.11,1.21,3058,1.44,400,16244822.0
007810,코리아써키트,KOSPI,20204,6.49,0.8,2507,0.0,0,23620751.0
004430,송원산업,KOSPI,28443,3.15,0.61,5497,2.88,500,24000000.0
145990,삼양사,KOSPI,136968,6.28,0.32,6872,2.9,1250,10313449.0
034310,NICE,KOSPI,21230,12.75,0.61,1012,3.18,410,37882300.0
093050,LF,KOSPI,51612,2.66,0.28,5351,4.93,700,29240000.0
058430,포스코스틸리온,KOSPI,57026,14.53,0.96,3785,1.59,875,6000000.0
286940,롯데정보통신,KOSPI,28084,13.15,0.94,2015,2.64,700,15396331.0
077500,유니퀘스트,KOSPI,13196,8.06,1.13,1853,1.34,200,26167938.0
014830,유니드,KOSPI,135798,3.62,0.4,14826,3.72,2000,6767600.0
183190,아세아시멘트,KOSPI,24770,6.14,0.4,1631,2.25,225,38958090.0
017940,E1,KOSPI,249560,2.34,0.23,24536,6.26,3600,6860000.0
322000,HD현대에너지솔루션,KOSPI,34065,5.73,0.91,5412,1.94,600,11200000.0
005810,풍산홀딩스,KOSPI,99583,4.52,0.35,7614,3.78,1300,9998528.0
005090,SGC에너지,KOSPI,48174,3.17,0.53,8093,6.63,1700,14677004.0
017390,서울가스,KOSPI,270188,14.8,0.25,4554,2.6,1750,5000000.0
002030,아세아,KOSPI,548397,3.84,0.32,46012,2.12,3750,2164534.0
003300,한일홀딩스,KOSPI,46069,3.92,0.25,2904,7.03,800,30832884.0
363280,티와이홀딩스,KOSPI,42418,2.6,0.16,2579,2.24,150,50429268.0
002310,아세아제지,KOSPI,89799,3.57,0.42,10540,2.66,1000,8956502.0
005010,휴스틸,KOSPI,16181,0.87,0.31,5675,7.05,350,56188075.0
004700,조광피혁,KOSPI,106403,28.31,0.45,1706,0.0,0,6649138.0
011760,현대코퍼레이션,KOSPI,36053,3.13,0.57,6554,2.93,600,13228966.0
006390,한일현대시멘트,KOSPI,18827,8.4,0.88,1971,3.62,600,19327672.0
003570,SNT다이내믹스,KOSPI,29430,9.52,0.33,1027,5.11,500,33252697.0
029530,신도리코,KOSPI,109950,6.55,0.3,5007,4.57,1500,10080029.0
003220,대원제약,KOSPI,11967,11.21,1.41,1510,2.07,350,21964670.0
003120,일성신약,KOSPI,60174,1.55,0.36,14122,18.33,4005,13300000.0
084010,대한제강,KOSPI,38135,1.89,0.33,6605,6.24,780,24646734.0
007570,일양약품,KOSPI,12974,15.78,1.26,1036,0.92,150,19085664.0
005500,삼진제약,KOSPI,20811,12.85,1.07,1728,3.6,800,13900000.0
008490,서흥,KOSPI,37893,8.97,0.72,3056,1.46,400,11569113.0
009160,SIMPAC,KOSPI,11050,3.05,0.38,1381,4.75,200,65429516.0
072710,농심홀딩스,KOSPI,231914,9.45,0.3,7353,3.6,2500,4637790.0
002320,한진,KOSPI,96471,6.58,0.22,3290,2.77,600,14947628.0
002960,한국쉘석유,KOSPI,86889,10.99,2.6,20555,7.96,18000,1300000.0
126720,수산인더스트리,KOSPI,32090,5.66,0.62,3544,2.99,600,14286000.0
002900,TYM,KOSPI,7778,2.56,0.74,2262,5.18,300,45050956.0
001940,KISCO홀딩스,KOSPI,75645,3.12,0.24,5760,3.34,600,16176380.0
053690,한미글로벌,KOSPI,17414,9.9,1.39,2449,2.27,550,10957550.0
001880,DL건설,KOSPI,45294,4.76,0.26,2445,2.15,250,22053284.0
001500,현대차증권,KOSPI,38617,3.18,0.22,2654,6.51,550,31712562.0
104700,한국철강,KOSPI,20372,2.91,0.29,2055,5.03,300,42450000.0
036530,SNT홀딩스,KOSPI,68239,4.47,0.23,3556,4.4,700,16303886.0
001460,BYC,KOSPI,825735,9.6,0.49,42272,0.74,3000,624615.0
213500,한솔제지,KOSPI,31224,3.35,0.33,3104,6.73,700,23800576.0
037710,광주신세계,KOSPI,99270,4.48,0.32,7157,6.86,2200,7957190.0
016580,환인제약,KOSPI,21845,9.56,0.69,1567,2.0,300,18600070.0
000490,대동,KOSPI,15973,5.58,0.63,1812,0.99,100,24065625.0
029460,케이씨,KOSPI,58058,2.27,0.32,8092,1.91,350,13554044.0
293480,하나제약,KOSPI,15515,10.21,0.92,1405,3.55,510,17772946.0
035510,신세계 I&C,KOSPI,27495,2.07,0.48,6381,3.79,500,17200000.0
003070,코오롱글로벌,KOSPI,22544,1.94,0.49,5710,3.6,400,18932713.0
055490,테이팩스,KOSPI,31365,9.11,1.17,4013,2.46,900,4757650.0
003960,사조대림,KOSPI,67677,2.91,0.42,9689,1.24,350,9164467.0
016590,신대양제지,KOSPI,15417,4.13,0.35,1319,2.29,125,40297820.0
004360,세방,KOSPI,54430,2.41,0.21,4819,2.59,300,19308690.0
002810,삼영무역,KOSPI,26238,4.06,0.47,3054,4.84,600,18466948.0
002020,코오롱,KOSPI,76319,1.8,0.24,10012,3.05,550,12626426.0
004560,현대비앤지스틸,KOSPI,34806,7.22,0.36,1715,0.81,100,15078811.0
003200,일신방직,KOSPI,39009,1.85,0.24,5047,5.35,500,23280000.0
001270,부국증권,KOSPI,116987,4.69,0.19,4736,6.76,1500,10369886.0
107590,미원홀딩스,KOSPI,95466,10.77,0.98,8717,0.75,700,2320000.0
001230,동국홀딩스,KOSPI,34362,2.45,0.32,4474,4.56,500,15926064.0
001130,대한제분,KOSPI,558185,5.26,0.23,24697,1.93,2500,1690000.0
025000,KPX케미칼,KOSPI,122776,7.27,0.36,6015,6.29,2750,4840000.0
015230,대창단조,KOSPI,9161,4.8,0.74,1417,2.94,200,28572230.0
317400,자이에스앤디,KOSPI,12735,2.1,0.4,2447,5.84,300,38782520.0
092230,KPX홀딩스,KOSPI,210854,21.86,0.23,2267,6.05,3000,4224646.0
000140,하이트진로홀딩스,KOSPI,26118,6.05,0.33,1427,5.79,500,23206765.0
030210,다올투자증권,KOSPI,11357,3.66,0.33,1019,4.03,150,60911106.0
015890,태경산업,KOSPI,10077,7.32,0.84,1154,3.55,300,29228750.0
007860,서연,KOSPI,24599,2.56,0.32,3034,1.29,100,23479844.0
007160,사조산업,KOSPI,102866,2.83,0.38,13998,0.88,350,5000000.0
000540,흥국화재,KOSPI,11208,1.34,0.26,2142,0.0,0,64242645.0
002100,경농,KOSPI,12997,6.62,0.77,1503,4.02,400,19522575.0
044450,KSS해운,KOSPI,17995,4.07,0.46,2016,4.27,350,23085880.0
012320,경동인베스트,KOSPI,205405,15.51,0.49,6519,0.74,750,2365023.0
068290,삼성출판사,KOSPI,17559,14.88,1.0,1179,1.14,200,10000000.0
008260,NI스틸,KOSPI,6580,3.48,0.9,1706,1.69,100,28600117.0
014280,금강공업,KOSPI,13661,3.18,0.45,1933,1.95,120,29329357.0
035150,백산,KOSPI,7626,4.11,1.01,1882,1.94,150,23010000.0
010100,한국무브넥스,KOSPI,9592,4.15,0.47,1095,1.54,70,30450420.0
194370,제이에스코퍼레이션,KOSPI,20205,2.54,0.64,5118,6.54,850,13335601.0
001080,만호제강,KOSPI,79971,18.77,0.51,2168,0.61,250,4150000.0
100840,SNT에너지,KOSPI,38778,9.4,0.56,2292,3.71,800,7506711.0
210540,디와이파워,KOSPI,21781,8.08,0.6,1618,1.91,250,11041708.0
282690,동아타이어,KOSPI,27514,6.47,0.41,1747,8.84,1000,13733015.0
134380,미원화학,KOSPI,64815,9.16,1.12,7959,3.43,2500,2199268.0
000500,가온전선,KOSPI,49444,8.91,0.44,2458,0.23,50,6358926.0
002170,삼양통상,KOSPI,147462,9.36,0.34,5339,3.0,1500,3000000.0
007540,샘표,KOSPI,92028,10.74,0.56,4831,0.39,200,2875800.0
000320,노루홀딩스,KOSPI,38479,4.64,0.29,2391,4.5,500,13291151.0
000700,유수홀딩스,KOSPI,13726,4.64,0.41,1218,7.08,400,26041812.0
009410,태영건설,KOSPI,19502,2.4,0.2,1607,5.84,225,38899098.0
005960,동부건설,KOSPI,25542,3.61,0.25,1737,7.97,500,22874863.0
094280,효성ITX,KOSPI,5956,9.7,2.04,1254,6.17,750,11558200.0
004890,동일산업,KOSPI,192642,5.67,0.3,10085,5.24,3000,2425215.0
032560,황금에스티,KOSPI,19636,3.28,0.4,2380,2.56,200,17000000.0
120030,조선선재,KOSPI,134669,9.77,0.76,10425,1.47,1500,1257651.0
013580,계룡건설,KOSPI,84371,2.19,0.18,6828,3.34,500,8930907.0
023810,인팩,KOSPI,11399,7.75,0.9,1320,1.76,180,10000000.0
024090,디씨엠,KOSPI,28881,2.81,0.4,4097,7.81,900,11400000.0
003830,대한화섬,KOSPI,635611,3.54,0.17,29768,0.71,750,1328000.0
019440,세아특수강,KOSPI,40593,6.7,0.36,2185,6.84,1000,8570000.0
009470,삼화전기,KOSPI,10248,11.25,1.77,1611,1.66,300,6613820.0
248170,샘표식품,KOSPI,49786,9.59,0.55,2869,0.73,200,4568286.0
023450,동남합성,KOSPI,14281,11.57,2.42,2983,2.54,875,3500000.0
004150,한솔홀딩스,KOSPI,13522,2.45,0.21,1144,4.28,120,42008577.0
002600,조흥,KOSPI,256975,9.51,0.69,18552,3.68,6500,600000.0
005430,한국공항,KOSPI,110940,21.66,0.37,1888,0.0,0,3166355.0
267290,경동도시가스,KOSPI,67007,4.82,0.3,4105,4.42,875,5895406.0
003650,미창석유,KOSPI,212260,4.5,0.33,15455,3.6,2500,1739672.0
001750,한양증권,KOSPI,36091,4.78,0.25,1858,9.0,800,12728534.0
034590,인천도시가스,KOSPI,48520,8.66,0.53,2956,4.88,1250,4374754.0
003350,한국화장품제조,KOSPI,13033,28.66,2.45,1113,0.31,100,4532000.0
002460,화성산업,KOSPI,39046,4.57,0.26,2229,4.91,500,10150000.0
264900,크라운제과,KOSPI,16001,3.97,0.53,2116,2.97,250,12523850.0
227840,현대코퍼레이션홀딩스,KOSPI,25341,2.89,0.43,3810,4.55,500,9100836.0
035000,HS애드,KOSPI,10892,5.5,0.54,1077,6.76,400,16567409.0
244920,에이플러스에셋,KOSPI,6449,1.9,0.65,2226,4.74,200,22607693.0
004720,팜젠사이언스,KOSPI,13118,1.31,0.45,4498,0.0,0,15846788.0
001260,남광토건,KOSPI,10896,4.55,0.82,1969,0.0,0,9832572.0
004960,한신공영,KOSPI,63050,1.86,0.12,3928,4.1,300,11570702.0
005800,신영와코루,KOSPI,40302,3.63,0.24,2611,1.58,150,9000000.0
000850,화천기공,KOSPI,156939,2.05,0.22,17039,7.17,2500,2200000.0
049800,우진플라임,KOSPI,5139,3.3,0.7,1092,1.39,50,20000000.0
006660,삼성공조,KOSPI,32070,1.96,0.31,5102,0.8,80,8126314.0
111110,호전실업,KOSPI,14510,2.78,0.56,2932,3.68,300,9749984.0
155660,DSR,KOSPI,12480,3.01,0.36,1502,1.33,60,16000000.0
129260,인터지스,KOSPI,8867,2.19,0.27,1092,5.01,120,29747874.0
011390,부산산업,KOSPI,55020,26.23,1.17,2451,0.39,250,1056000.0
001550,조비,KOSPI,11842,7.98,1.12,1664,0.0,0,5192239.0
134790,시디즈,KOSPI,37778,21.8,0.87,1516,1.21,400,2000000.0
008420,문배철강,KOSPI,8612,2.32,0.36,1338,1.61,50,20503505.0
000590,CS홀딩스,KOSPI,242997,4.54,0.24,12700,0.87,500,1154482.0
069730,DSR제강,KOSPI,12715,2.24,0.35,2009,1.33,60,14400000.0
008110,대동전자,KOSPI,20487,7.17,0.36,1015,3.43,250,10490447.0
005820,원림,KOSPI,55263,5.84,0.37,3500,1.71,350,2297970.0
030720,동원수산,KOSPI,13454,6.76,0.67,1328,2.78,250,4653805.0
000950,전방,KOSPI,184874,0.44,0.14,59197,3.87,1000,1680000.0
009140,경인전자,KOSPI,49149,10.96,0.46,2080,1.54,350,1570797.0
001770,SHD,KOSPI,42355,2.53,0.53,8905,0.44,100,1214878.0
247540,에코프로비엠,KOSDAQ GLOBAL,13962,108.3,22.35,2881,0.14,450,97801344.0
086520,에코프로,KOSDAQ,50778,751.92,21.19,1431,0.05,500,26627668.0
066970,엘앤에프,KOSDAQ GLOBAL,38454,25.52,5.49,8269,0.24,500,36239776.0
041510,에스엠,KOSDAQ,29467,37.55,4.32,3390,0.94,1200,23830901.0
393890,더블유씨피,KOSDAQ,27737,35.05,2.45,1940,0.0,0,33696518.0
058470,리노공업,KOSDAQ GLOBAL,32491,22.01,5.1,7534,1.81,3000,15242370.0
214370,케어젠,KOSDAQ,21980,73.07,9.24,2778,1.33,2700,10743000.0
357780,솔브레인,KOSDAQ,100423,11.33,2.36,20967,0.84,2000,7778566.0
005290,동진쎄미켐,KOSDAQ,13553,11.64,2.66,3102,0.36,130,51414494.0
214150,클래시스,KOSDAQ GLOBAL,3564,29.83,9.75,1165,0.33,116,64776702.0
039030,이오테크닉스,KOSDAQ GLOBAL,43984,26.33,3.77,6293,0.6,1000,12319550.0
278280,천보,KOSDAQ GLOBAL,34549,38.45,4.19,3763,0.35,500,10000000.0
121600,나노신소재,KOSDAQ,18750,81.23,7.85,1811,0.17,250,11707348.0
240810,원익IPS,KOSDAQ GLOBAL,18174,17.23,1.76,1854,0.63,200,49083901.0
137400,피엔티,KOSDAQ GLOBAL,10866,24.74,6.16,2704,0.15,100,22741198.0
372170,윤성에프앤씨,KOSDAQ,17264,48.6,10.67,3790,0.08,150,7979048.0
365340,성일하이텍,KOSDAQ,24421,31.22,4.93,3856,0.0,0,12003172.0
095340,ISC,KOSDAQ,16085,40.74,6.4,2526,0.58,600,17399471.0
253450,스튜디오드래곤,KOSDAQ,21982,30.05,2.3,1684,0.0,0,30058498.0
086900,메디톡스,KOSDAQ,67873,39.14,3.18,5518,0.46,1000,7298468.0
214450,파마리서치,KOSDAQ GLOBAL,34433,33.66,3.98,4067,0.48,660,10296563.0
056190,에스에프에이,KOSDAQ GLOBAL,31974,15.27,1.06,2213,2.57,870,35908760.0
140860,파크시스템스,KOSDAQ,17308,43.71,10.26,4061,0.23,400,6963299.0
383310,에코프로에이치엔,KOSDAQ,5677,43.34,16.15,2116,0.65,600,15304932.0
122870,와이지엔터테인먼트,KOSDAQ,22130,39.28,3.24,1828,0.35,250,18676749.0
145020,휴젤,KOSDAQ GLOBAL,67095,24.73,1.77,4811,0.0,0,12385455.0
036930,주성엔지니어링,KOSDAQ GLOBAL,10119,11.44,2.5,2211,0.76,193,48249212.0
420770,기가비스,KOSDAQ,9464,31.78,9.16,2728,0.87,750,12675758.0
096530,씨젠,KOSDAQ,23037,5.83,0.91,3586,3.83,800,52225994.0
064760,티씨케이,KOSDAQ GLOBAL,35707,11.94,2.69,8056,1.77,1700,11675000.0
348370,엔켐,KOSDAQ,17886,44.54,3.53,1419,0.0,0,16198146.0
222800,심텍,KOSDAQ,19171,4.6,1.85,7719,1.41,500,31854143.0
213420,덕산네오룩스,KOSDAQ GLOBAL,12991,28.75,3.48,1574,0.0,0,24831179.0
085370,루트로닉,KOSDAQ,6286,20.75,5.85,1771,0.88,322,26507821.0
067160,아프리카TV,KOSDAQ,22106,14.73,3.63,5445,0.91,730,11494767.0
195940,HK이노엔,KOSDAQ GLOBAL,41095,27.01,0.88,1342,0.88,320,28329891.0
166090,하나머티리얼즈,KOSDAQ GLOBAL,15244,10.66,2.87,4105,1.37,600,19752674.0
348210,넥스틴,KOSDAQ GLOBAL,10101,18.09,7.94,4433,0.62,500,10196878.0
272290,이녹스첨단소재,KOSDAQ GLOBAL,19465,8.91,1.98,4316,1.17,450,20201658.0
189300,인텔리안테크,KOSDAQ,19326,46.54,4.18,1736,0.12,100,10729669.0
003380,하림지주,KOSDAQ GLOBAL,29169,2.63,0.25,2736,1.67,120,112005621.0
025900,동화기업,KOSDAQ,36422,16.67,0.96,2099,0.0,0,20215395.0
084370,유진테크,KOSDAQ GLOBAL,14595,19.98,2.32,1697,0.8,270,22916042.0
074600,원익QnC,KOSDAQ GLOBAL,14286,13.4,1.92,2048,0.55,150,26288000.0
078340,컴투스,KOSDAQ,95809,17.4,0.51,2807,2.66,1300,12866420.0
131970,두산테스나,KOSDAQ,21119,15.21,2.22,3080,0.34,160,14759577.0
053800,안랩,KOSDAQ,29416,38.75,2.15,1631,1.74,1100,10013855.0
091120,이엠텍,KOSDAQ,15775,23.98,3.22,2118,0.3,150,17132936.0
215000,골프존,KOSDAQ GLOBAL,59058,4.92,1.52,18293,5.0,4500,6275415.0
319660,피에스케이,KOSDAQ GLOBAL,12197,7.38,1.61,2665,2.03,400,28966714.0
031980,피에스케이홀딩스,KOSDAQ,13849,15.21,2.18,1982,1.66,500,21562395.0
183300,코미코,KOSDAQ GLOBAL,25921,13.29,2.16,4213,1.79,1000,10460684.0
086450,동국제약,KOSDAQ GLOBAL,11419,11.85,1.25,1203,1.26,180,44460000.0
144510,지씨셀,KOSDAQ,35857,22.36,1.04,1664,0.94,350,15800344.0
215200,메가스터디교육,KOSDAQ GLOBAL,35711,5.64,1.39,8793,4.24,2100,11861880.0
036810,에프에스티,KOSDAQ,12460,9.88,1.78,2242,0.45,100,21756789.0
036830,솔브레인홀딩스,KOSDAQ GLOBAL,55592,9.64,0.54,3107,0.57,170,20964056.0
053610,프로텍,KOSDAQ,30100,9.55,1.47,4626,1.13,500,11000000.0
360070,탑머티리얼,KOSDAQ,12065,39.83,5.44,1647,0.0,0,7984343.0
064290,인텍플러스,KOSDAQ,5469,29.16,7.11,1334,0.51,200,12779962.0
023160,태광,KOSDAQ,18560,13.88,1.03,1383,0.89,170,26500000.0
131290,티에스이,KOSDAQ GLOBAL,26649,9.48,1.64,4614,1.14,500,11061429.0
032190,다우데이타,KOSDAQ,29654,2.52,0.45,5319,2.24,300,38300000.0
079370,제우스,KOSDAQ,27268,12.15,1.54,3464,0.83,350,10339000.0
049070,인탑스,KOSDAQ GLOBAL,38127,4.37,0.7,6147,3.2,860,17200000.0
069080,웹젠,KOSDAQ GLOBAL,19416,5.94,0.75,2441,2.55,370,34950884.0
200130,콜마비앤에이치,KOSDAQ GLOBAL,13595,13.24,1.34,1371,1.7,308,29543558.0
043150,바텍,KOSDAQ,23514,6.82,1.5,5176,0.28,100,14854256.0
073570,리튬포어스,KOSDAQ,6722,3.08,2.27,4957,0.0,0,28867125.0
354320,알멕,KOSDAQ,15547,64.57,5.22,1256,0.0,0,5966381.0
042600,새로닉스,KOSDAQ,16261,4.56,2.06,7365,0.0,0,12423574.0
060720,KH바텍,KOSDAQ,10166,13.59,1.46,1094,2.02,300,23677442.0
033640,네패스,KOSDAQ,10934,5.35,1.66,3399,0.0,0,23059202.0
083310,엘오티베큠,KOSDAQ,12896,16.25,1.87,1486,0.41,100,17810033.0
425040,티이엠씨,KOSDAQ,11340,8.06,3.45,4855,0.0,0,10626114.0
049950,미래컴퍼니,KOSDAQ,16837,10.86,2.41,3737,0.74,300,8817884.0
082920,비츠로셀,KOSDAQ,8768,20.2,2.51,1089,0.91,200,22141695.0
352480,씨앤씨인터내셔널,KOSDAQ,13422,42.59,5.22,1646,0.0,0,10013941.0
107600,새빗켐,KOSDAQ,12989,45.23,6.43,1846,0.36,300,4861545.0
118990,모트렉스,KOSDAQ,7276,10.6,2.3,1580,1.47,246,24495500.0
119610,인터로조,KOSDAQ,15175,18.48,2.33,1910,1.7,600,13216478.0
014620,성광벤드,KOSDAQ,16891,10.29,0.86,1405,0.69,100,28600000.0
095610,테스,KOSDAQ GLOBAL,17483,7.74,1.14,2580,2.5,500,19768226.0
389260,대명에너지,KOSDAQ,6278,15.18,3.89,1607,0.0,0,17050000.0
151860,KG ETS,KOSDAQ,22772,0.78,0.46,13572,1.42,150,36000000.0
101160,월덱스,KOSDAQ,11274,10.66,2.38,2514,0.19,50,16510993.0
089970,에이피티씨,KOSDAQ,5529,10.49,2.46,1298,0.0,0,23980595.0
039440,에스티아이,KOSDAQ,14767,14.16,1.92,1999,0.88,250,15830000.0
243070,휴온스,KOSDAQ GLOBAL,23877,22.96,1.82,1897,1.38,600,11935549.0
340570,티앤엘,KOSDAQ,13141,18.85,3.73,2602,0.92,450,8128000.0
439090,마녀공장,KOSDAQ,3642,27.18,9.14,1225,0.0,0,16378260.0
243840,신흥에스이씨,KOSDAQ,39654,19.43,1.21,2468,0.69,330,7763229.0
054950,제이브이엠,KOSDAQ,13728,21.93,2.19,1368,1.0,300,12089892.0
200670,휴메딕스,KOSDAQ,15205,17.38,2.61,2281,1.26,500,10935294.0
290670,대보마그네틱,KOSDAQ,10708,14.06,3.86,2941,0.0,0,7857660.0
382840,원준,KOSDAQ,7400,22.52,3.07,1008,0.88,200,15271581.0
094360,칩스앤미디어,KOSDAQ,4471,34.15,7.95,1041,0.55,196,9640315.0
041830,인바디,KOSDAQ,16524,9.07,1.43,2596,1.27,300,13683782.0
104830,원익머트리얼즈,KOSDAQ,35324,5.9,0.76,4579,2.96,800,12608000.0
126340,비나텍,KOSDAQ,10977,25.41,4.86,2098,0.0,0,5803397.0
254490,미래반도체,KOSDAQ,5065,15.65,4.32,1399,0.0,0,14438000.0
030520,한글과컴퓨터,KOSDAQ,13442,7.26,1.06,1969,0.0,0,25609234.0
285490,노바텍,KOSDAQ,12583,18.43,2.4,1639,0.66,200,10575831.0
013030,하이록코리아,KOSDAQ,29337,10.41,0.93,2633,2.19,600,12856050.0
045100,한양이엔지,KOSDAQ,27595,4.53,0.66,4044,3.28,600,18000000.0
036890,진성티이씨,KOSDAQ,10493,5.2,1.13,2276,2.54,300,22482268.0
054210,이랜텍,KOSDAQ,10449,5.56,1.16,2177,1.24,150,25291210.0
206640,바디텍메드,KOSDAQ,7445,16.81,2.44,1080,0.83,150,23486560.0
230360,에코마케팅,KOSDAQ GLOBAL,5901,8.61,1.73,1182,3.05,310,32368029.0
034950,한국기업평가,KOSDAQ,25180,16.35,2.97,4582,6.81,5100,4540514.0
093320,케이아이엔엑스,KOSDAQ,30111,12.33,2.15,5240,0.93,600,4880000.0
330860,네패스아크,KOSDAQ,21047,11.33,1.14,2109,0.0,0,12184045.0
102710,이엔에프테크놀로지,KOSDAQ,26565,6.55,0.81,3276,0.7,150,14287836.0
053080,케이엔솔,KOSDAQ,12192,21.39,2.15,1227,1.14,300,12999807.0
088390,이녹스,KOSDAQ,22873,18.02,1.27,1609,0.0,0,9385844.0
267980,매일유업,KOSDAQ GLOBAL,69073,23.88,0.68,1966,2.56,1200,7843638.0
205470,휴마시스,KOSDAQ,2838,1.77,0.91,1463,0.0,0,129375009.0
100120,뷰웍스,KOSDAQ,22784,10.38,1.32,2890,2.33,700,10001865.0
126700,하이비젼시스템,KOSDAQ,15075,11.48,1.34,1764,0.59,120,14942112.0
251970,펌텍코리아,KOSDAQ,17379,16.23,1.48,1580,1.4,360,12400000.0
035600,KG이니시스,KOSDAQ,15089,5.06,0.72,2153,3.67,400,27904434.0
265520,AP시스템,KOSDAQ,17980,3.35,1.02,5463,1.47,270,15281421.0
051500,CJ프레시웨이,KOSDAQ,25929,6.3,1.0,4136,1.34,350,11871586.0
298540,더네이쳐홀딩스,KOSDAQ,19725,4.42,1.06,4717,1.92,400,14710576.0
054450,텔레칩스,KOSDAQ,12418,5.42,1.52,3480,0.69,130,14821832.0
065510,휴비츠,KOSDAQ,9709,13.04,2.16,1610,0.95,200,12045371.0
003800,에이스침대,KOSDAQ,58224,4.97,0.45,5293,5.06,1330,11090000.0
017890,한국알콜,KOSDAQ,21988,8.34,0.56,1474,0.41,50,21605760.0
100790,미래에셋벤처투자,KOSDAQ,6217,4.24,0.8,1169,0.0,0,54167350.0
230240,에치에프알,KOSDAQ,13150,5.18,2.02,5127,0.0,0,13489026.0
030530,원익홀딩스,KOSDAQ,14045,2.45,0.23,1333,0.0,0,77237981.0
083930,아바코,KOSDAQ,12644,13.99,1.5,1358,1.58,300,15412798.0
091580,상신이디피,KOSDAQ,9077,9.33,1.87,1819,0.68,115,13628219.0
114810,한솔아이원스,KOSDAQ,5429,7.5,1.5,1086,0.0,0,29352174.0
083450,GST,KOSDAQ,21654,4.75,1.15,5243,1.2,300,9317745.0
190510,나무가,KOSDAQ,7719,6.04,1.66,2119,0.0,0,16252384.0
089600,나스미디어,KOSDAQ,18182,7.9,1.03,2375,3.73,700,11568163.0
036800,나이스정보통신,KOSDAQ,33633,5.3,0.69,4358,2.81,650,10000000.0
052400,코나아이,KOSDAQ,10912,6.42,1.47,2495,0.0,0,14999999.0
035080,그래디언트,KOSDAQ,40293,0.65,0.35,21470,1.43,200,15527584.0
356860,티엘비,KOSDAQ,11424,7.98,2.17,3108,1.21,300,9832630.0
018310,삼목에스폼,KOSDAQ,33446,4.0,0.53,4457,0.56,100,14700000.0
143240,사람인,KOSDAQ,15673,7.26,1.23,2656,3.63,700,11674263.0
273640,와이엠텍,KOSDAQ,5419,15.5,3.32,1161,2.11,380,10966000.0
119830,아이텍,KOSDAQ,7113,9.12,1.49,1162,0.0,0,21434297.0
126600,BGF에코머티리얼즈,KOSDAQ,6585,4.8,0.77,1053,1.98,100,40869014.0
043370,피에이치에이,KOSDAQ,32776,6.84,0.29,1376,2.13,200,21000000.0
143160,아이디스,KOSDAQ,18950,17.63,1.09,1177,1.69,350,10716390.0
148150,세경하이테크,KOSDAQ,14689,10.36,0.99,1402,0.0,0,11784281.0
192440,슈피겐코리아,KOSDAQ,70159,5.93,0.46,5476,1.72,560,6216363.0
094820,일진파워,KOSDAQ,8318,11.43,1.43,1040,2.78,330,15078709.0
078350,한양디지텍,KOSDAQ,8129,5.11,1.57,2492,0.0,0,15244382.0
093520,매커스,KOSDAQ,8312,5.63,1.25,1854,1.15,120,16163092.0
104480,티케이케미칼,KOSDAQ,10429,0.72,0.21,3028,0.0,0,90895434.0
110790,크리스에프앤씨,KOSDAQ,29568,7.84,0.65,2455,2.6,500,11715480.0
172670,에이엘티,KOSDAQ,9071,10.38,2.24,1955,0.49,100,8489671.0
340930,유일에너테크,KOSDAQ,5625,11.59,2.81,1364,0.0,0,11468150.0
092730,네오팜,KOSDAQ,18184,11.25,1.35,2177,2.86,700,8207361.0
067280,멀티캠퍼스,KOSDAQ,28530,6.18,1.11,5106,2.54,800,5926779.0
039560,다산네트웍스,KOSDAQ,10652,0.91,0.47,5509,0.0,0,39505981.0
067900,와이엔텍,KOSDAQ,11038,5.9,0.73,1361,0.62,50,18199659.0
121440,골프존뉴딘홀딩스,KOSDAQ,15929,2.09,0.27,2032,3.84,163,42836818.0
036190,금화피에스시,KOSDAQ,50316,6.11,0.57,4707,4.52,1300,6000000.0
019210,와이지-원,KOSDAQ,10943,5.49,0.52,1027,5.32,300,30573819.0
290550,디케이티,KOSDAQ,6123,7.75,1.51,1193,0.0,0,18668371.0
092130,이크레더블,KOSDAQ,3840,10.72,3.63,1300,7.46,1040,12043600.0
382800,지앤비에스 에코,KOSDAQ,9720,11.57,2.46,2065,0.0,0,7502003.0
136540,윈스,KOSDAQ,13734,8.28,0.93,1537,3.93,500,13864162.0
073490,이노와이어리스,KOSDAQ,19430,10.9,1.12,1996,1.61,350,7603846.0
214180,헥토이노베이션,KOSDAQ,10867,5.55,1.23,2409,3.14,420,13257185.0
079960,동양이엔피,KOSDAQ,35453,7.58,0.62,2921,1.35,300,7860000.0
228850,레이언스,KOSDAQ,14282,7.14,0.7,1401,3.0,300,16591014.0
272110,케이엔제이,KOSDAQ,6769,16.97,3.15,1255,0.0,0,7945395.0
092870,엑시콘,KOSDAQ,13912,9.38,1.01,1500,0.71,100,10848797.0
234340,헥토파이낸셜,KOSDAQ,15915,12.07,1.05,1380,3.0,500,9453000.0
079940,가비아,KOSDAQ,9245,6.99,1.26,1666,0.6,70,13535684.0
067990,도이치모터스,KOSDAQ,11515,4.08,0.43,1213,7.27,360,32181550.0
216050,인크로스,KOSDAQ,8792,9.7,1.41,1281,3.13,389,12843222.0
023910,대한약품,KOSDAQ,38333,6.64,0.72,4171,2.35,650,6000000.0
012700,리드코프,KOSDAQ,16662,4.7,0.35,1250,13.63,800,26446135.0
023600,삼보판지,KOSDAQ,31370,2.63,0.3,3517,1.89,175,16170000.0
236200,슈프리마,KOSDAQ,26171,8.36,0.82,2560,0.0,0,7193273.0
211050,인카금융서비스,KOSDAQ,7144,6.26,1.8,2052,2.33,300,10275960.0
194700,노바렉스,KOSDAQ,10231,8.66,1.02,1206,1.44,150,18754848.0
241790,오션브릿지,KOSDAQ,9808,9.7,1.47,1488,2.91,420,10002634.0
348350,위드텍,KOSDAQ,10908,11.48,1.27,1210,0.72,100,10183600.0
090470,제이스텍,KOSDAQ,10355,4.28,0.79,1904,2.45,200,17476594.0
124560,태웅로직스,KOSDAQ,5614,1.43,0.64,2494,4.21,150,38416584.0
111710,남화산업,KOSDAQ,8185,6.95,0.85,1003,4.3,300,20588000.0
065680,우주일렉트로,KOSDAQ,27094,9.92,0.54,1467,2.06,300,9530000.0
086670,비엠티,KOSDAQ,11634,7.91,1.21,1784,1.42,200,9125174.0
053700,삼보모터스,KOSDAQ,14119,4.88,0.4,1169,0.88,50,22742196.0
010470,오리콤,KOSDAQ,9183,13.56,1.56,1059,1.88,270,11975050.0
120240,대정화금,KOSDAQ,20442,10.02,0.94,1916,2.08,400,7190391.0
058630,엠게임,KOSDAQ,4868,5.88,1.4,1162,0.0,0,19543877.0
377450,리파인,KOSDAQ,8818,6.81,0.85,1095,0.0,0,17330000.0
105330,케이엔더블유,KOSDAQ,6569,7.59,1.75,1512,0.0,0,12135382.0
003100,선광,KOSDAQ,58858,7.83,0.33,2510,1.78,350,6600000.0
068790,DMS,KOSDAQ,12373,5.36,0.46,1053,2.22,125,24573061.0
041930,동아화성,KOSDAQ,9336,8.06,0.88,1017,1.46,120,15800000.0
264450,유비쿼스,KOSDAQ,13948,6.73,1.01,2098,2.97,420,10245706.0
007330,푸른저축은행,KOSDAQ,26018,5.06,0.33,1688,7.61,650,15082800.0
038390,레드캡투어,KOSDAQ,23494,6.02,0.66,2589,5.78,900,8589480.0
155650,와이엠씨,KOSDAQ,5904,6.27,1.11,1041,3.83,250,19474358.0
234300,에스트래픽,KOSDAQ,2506,3.48,1.74,1250,0.0,0,27532242.0
217190,제너셈,KOSDAQ,4588,9.92,3.02,1395,0.54,75,8769174.0
141000,비아트론,KOSDAQ,14931,6.71,0.62,1382,1.62,150,12114710.0
054800,아이디스홀딩스,KOSDAQ,27120,2.75,0.45,4473,2.03,250,10347756.0
263690,디알젬,KOSDAQ,6684,8.22,1.61,1306,2.95,317,11325610.0
241770,메카로,KOSDAQ,19540,2.66,0.61,4453,3.84,455,10192640.0
052330,코텍,KOSDAQ,22459,4.11,0.36,1977,3.08,250,15574552.0
253840,수젠텍,KOSDAQ,8641,4.14,0.81,1686,2.15,150,16370755.0
072870,메가스터디,KOSDAQ,26478,6.23,0.39,1637,10.29,1050,11920959.0
054670,대한뉴팜,KOSDAQ,7336,5.08,1.2,1733,1.14,100,14354920.0
037460,삼지전자,KOSDAQ,20202,2.4,0.37,3133,5.98,450,16318522.0
005710,대원산업,KOSDAQ,20844,3.04,0.27,1879,3.06,175,20037600.0
264660,씨앤지하이테크,KOSDAQ,11308,6.35,1.16,2062,3.82,500,8556542.0
417970,모델솔루션,KOSDAQ,9776,12.67,1.78,1370,1.73,300,6396700.0
417840,저스템,KOSDAQ,7262,12.07,1.92,1156,0.0,0,7155134.0
424980,마이크로투나노,KOSDAQ,5335,14.19,3.15,1185,0.0,0,5918890.0
066620,국보디자인,KOSDAQ,21204,4.86,0.7,3036,2.71,400,7500000.0
009300,삼아제약,KOSDAQ,29593,8.98,0.59,1952,2.28,400,6370000.0
093920,서원인텍,KOSDAQ,10618,4.76,0.55,1235,6.8,400,18600000.0
049960,쎌바이오텍,KOSDAQ,15794,9.33,0.71,1201,4.01,450,9400000.0
109860,동일금속,KOSDAQ,18061,6.31,0.57,1646,3.85,400,9100000.0
086710,선진뷰티사이언스,KOSDAQ,5376,5.67,1.71,1620,0.22,20,12203280.0
170790,파이오링크,KOSDAQ,10862,7.16,1.2,1818,2.3,300,6856330.0
306040,에스제이그룹,KOSDAQ,13155,3.43,0.78,2974,4.9,500,9865828.0
009780,엠에스씨,KOSDAQ,7565,5.54,0.75,1030,1.05,60,17600000.0
376980,원티드랩,KOSDAQ,4552,9.97,2.19,1002,0.0,0,9456696.0
187870,디바이스이엔지,KOSDAQ,19571,9.17,0.73,1560,1.47,210,7036609.0
405920,나라셀라,KOSDAQ,4774,6.88,1.45,1005,0.0,0,6439038.0
024880,케이피에프,KOSDAQ,10147,4.61,0.55,1220,2.49,140,19986422.0
054930,유신,KOSDAQ,36579,5.66,0.94,6108,2.17,750,3000000.0
011560,세보엠이씨,KOSDAQ,18328,3.6,0.46,2361,5.88,500,10530000.0
071280,로체시스템즈,KOSDAQ,7003,4.59,0.89,1358,0.8,50,15296603.0
065710,서호전기,KOSDAQ,17842,8.57,1.06,2215,7.9,1500,5150000.0
089790,제이티,KOSDAQ,5952,7.23,1.36,1118,0.0,0,10315513.0
091590,남화토건,KOSDAQ,14298,4.55,0.55,1719,2.55,200,11740000.0
250000,보라티알,KOSDAQ,11667,5.36,1.22,2644,2.12,300,6750733.0
038070,서린바이오,KOSDAQ,10044,8.62,0.98,1143,1.32,130,8700676.0
069510,에스텍,KOSDAQ,16586,7.56,0.52,1134,3.5,300,10910000.0
012790,신일제약,KOSDAQ,10676,6.23,0.61,1053,1.52,100,11986415.0
036670,KCI,KOSDAQ,9125,4.49,0.82,1656,3.36,250,11270000.0
158430,아톤,KOSDAQ,15797,5.01,1.29,4059,0.49,100,4363577.0
007680,대원,KOSDAQ,25597,4.15,0.24,1455,4.97,300,13446474.0
406820,뷰티스킨,KOSDAQ,10616,24.24,2.49,1089,0.0,0,3534040.0
017480,삼현철강,KOSDAQ,12264,4.68,0.4,1037,6.19,300,15702890.0
049430,코메론,KOSDAQ,21650,4.88,0.4,1769,2.89,250,9048000.0
017650,대림제지,KOSDAQ,28061,3.14,0.31,2741,1.16,100,9000000.0
377460,위니아에이드,KOSDAQ,13534,3.1,0.28,1232,0.0,0,15393405.0
024800,유성티엔에스,KOSDAQ,12711,1.08,0.16,1877,0.0,0,37051812.0
038010,제일테크노스,KOSDAQ,10111,6.38,0.82,1299,1.45,120,9000000.0
007770,한일화학,KOSDAQ,33661,16.33,0.6,1237,0.5,100,3510000.0
419120,산돌,KOSDAQ,7296,6.24,1.26,1469,1.97,180,7751826.0
094840,슈프리마에이치큐,KOSDAQ,18518,5.27,0.38,1337,0.0,0,10471840.0
016250,SGC이테크건설,KOSDAQ,78491,1.3,0.27,16327,7.06,1500,3346613.0
199730,바이오인프라,KOSDAQ,4339,9.07,3.16,1511,0.0,0,4796867.0
109080,옵티시스,KOSDAQ,10555,7.2,1.04,1519,1.83,200,5636000.0
007370,진양제약,KOSDAQ,7199,5.28,0.82,1115,2.55,150,12000000.0
014570,고려제약,KOSDAQ,7855,6.23,0.87,1095,2.64,180,11000000.0
119850,지엔씨에너지,KOSDAQ,7201,2.35,0.56,1727,1.23,50,16448909.0
032940,원익,KOSDAQ,13943,1.66,0.25,2102,0.0,0,18193230.0
054040,한국컴퓨터,KOSDAQ,8505,4.11,0.53,1102,5.52,250,16071290.0
024830,세원물산,KOSDAQ,29139,3.71,0.25,1949,0.35,25,8350000.0
115310,인포바인,KOSDAQ,47617,7.29,0.43,2806,4.4,900,3192883.0
140520,대창스틸,KOSDAQ,7269,1.02,0.37,2641,5.56,150,21109243.0
100030,인지소프트,KOSDAQ,18065,13.34,1.0,1360,3.97,720,3283714.0
040610,SG&G,KOSDAQ,9276,1.36,0.18,1225,0.0,0,34087196.0
290120,대유에이피,KOSDAQ,7447,2.14,0.59,2066,4.52,200,12409328.0
260970,에스앤디,KOSDAQ,19241,5.73,0.72,2425,2.16,300,4059420.0
079170,한창산업,KOSDAQ,11955,8.89,0.88,1184,1.9,200,5200000.0
221980,케이디켐,KOSDAQ,25215,6.24,0.53,2136,3.23,430,4034800.0
094970,제이엠티,KOSDAQ,6195,1.86,0.53,1760,4.57,150,16748240.0
080010,이상네트웍스,KOSDAQ,11386,5.21,0.46,1002,1.92,100,10000000.0
050120,ES큐브,KOSDAQ,8242,1.78,0.41,1918,0.0,0,13564086.0
012620,원일특강,KOSDAQ,33693,3.81,0.27,2410,2.39,220,4400000.0
190650,코리아에셋투자증권,KOSDAQ,14959,2.32,0.41,2612,11.53,700,6388000.0
106240,파인테크닉스,KOSDAQ,5583,0.29,0.37,7096,0.0,0,15923057.0
