티커,BPS,PER,PBR,EPS,DIV,DPS
060310,829,77.88,3.1,33,0.0,0
054620,10864,21.88,1.02,505,0.0,0
265520,17980,3.35,1.02,5463,1.47,270
211270,5997,39.16,1.87,287,0.62,70
126600,6585,4.8,0.77,1053,1.98,100
013720,1580,0.0,0.88,0,0.0,0
083790,2732,0.0,1.17,0,0.0,0
035760,171357,0.0,0.34,0,0.0,0
311690,7423,0.0,2.71,0,0.0,0
051500,25929,6.3,1.0,4136,1.34,350
058820,1332,0.0,1.87,0,0.0,0
023460,3404,0.0,0.59,0,1.0,20
056730,569,32.87,2.25,39,0.0,0
065770,936,0.0,1.63,0,0.0,0
083660,79,0.0,16.65,0,0.0,0
404950,0,0.0,0.0,0,0.0,0
456440,0,0.0,0.0,0,0.0,0
367360,0,0.0,0.0,0,0.0,0
060900,1740,0.0,1.74,0,0.0,0
025440,2195,0.0,1.16,0,0.0,0
068790,12373,5.36,0.46,1053,2.22,125
241520,3364,5.31,0.91,573,0.0,0
065150,262,0.0,1.06,0,0.0,0
180400,1184,0.0,6.03,0,0.0,0
245620,381,0.0,4.59,0,0.0,0
037370,7337,0.0,2.03,0,0.0,0
050120,8242,1.78,0.41,1918,0.0,0
214270,3566,0.0,0.72,0,0.0,0
130500,5072,9.33,0.62,337,0.0,0
083450,21654,4.75,1.15,5243,1.2,300
297890,2190,7.73,2.31,653,2.97,150
078150,2744,7.5,0.98,358,0.74,20
195940,41095,27.01,0.88,1342,0.88,320
028300,5023,0.0,5.95,0,0.0,0
278650,968,0.0,3.13,0,0.0,0
067630,2314,0.0,3.85,0,0.0,0
024850,370,0.0,9.15,0,0.0,0
047920,3083,0.0,4.06,0,0.0,0
115450,1793,0.0,2.12,0,0.0,0
046210,986,62.0,4.4,70,0.0,0
403870,2407,36.67,13.77,904,0.45,150
036640,6661,8.71,0.82,628,3.66,200
405350,0,0.0,0.0,0,0.0,0
426550,0,0.0,0.0,0,0.0,0
439730,0,0.0,0.0,0,0.0,0
442770,0,0.0,0.0,0,0.0,0
448760,0,0.0,0.0,0,0.0,0
095340,16085,40.74,6.4,2526,0.58,600
099520,413,27.91,3.11,46,0.0,0
067290,1160,107.41,2.69,29,0.0,0
035900,9081,55.17,12.39,2039,0.33,369
318000,4288,30.2,2.81,399,1.11,134
024840,3072,32.08,0.53,51,0.0,0
024120,8740,45.05,0.49,96,3.47,150
455250,0,0.0,0.0,0,0.0,0
458320,0,0.0,0.0,0,0.0,0
021320,22594,22.6,0.22,223,2.98,150
036670,9125,4.49,0.82,1656,3.36,250
044180,1464,0.0,0.49,0,0.0,0
151860,22772,0.78,0.46,13572,1.42,150
046440,8294,7.27,0.66,754,4.01,220
035600,15089,5.06,0.72,2153,3.67,400
226360,883,0.0,0.36,0,0.0,0
111870,10545,0.0,0.28,0,0.0,0
060720,10166,13.59,1.46,1094,2.02,300
058400,1563,16.05,0.58,56,2.22,20
060370,4569,0.0,2.51,0,0.26,30
122450,5988,9.18,0.75,489,3.72,167
052900,2046,4.13,0.57,283,0.0,0
376190,8229,14.0,0.85,502,0.0,0
061970,6142,7.8,1.17,918,0.0,0
309960,4723,20.15,0.83,194,0.0,0
086960,1258,0.0,1.57,0,0.0,0
038340,247,0.0,5.19,0,0.0,0
160550,4300,0.0,1.36,0,0.0,0
053290,5170,15.69,0.83,275,1.39,60
060250,5131,10.1,1.78,903,2.19,200
104200,5461,23.82,0.82,187,0.0,0
024940,4921,33.54,1.29,189,0.39,25
218410,10432,170.28,1.73,106,0.55,100
327260,5233,26.57,2.09,411,0.92,100
091340,8329,0.0,0.34,0,0.0,0
419530,5924,0.0,3.57,0,0.0,0
019550,730,0.0,1.19,0,0.0,0
046140,9066,11.25,0.62,497,0.0,0
151910,216,0.0,2.43,0,0.0,0
036120,866,60.0,4.71,68,1.23,50
099220,1886,105.0,0.78,14,0.0,0
036540,2779,18.89,1.78,262,0.0,0
255220,1980,15.98,0.65,80,0.0,0
040610,9276,1.36,0.18,1225,0.0,0
049470,790,0.0,0.8,0,0.0,0
184230,909,8.37,0.83,90,0.0,0
016250,78491,1.3,0.27,16327,7.06,1500
048550,1115,36.93,1.89,57,0.0,0
063440,1136,37.04,1.76,54,0.0,0
289080,1297,9.55,1.48,201,3.13,60
089230,340,0.0,0.81,0,0.0,0
161570,858,0.0,1.13,0,0.0,0
032540,6121,19.41,1.02,322,3.68,230
022220,1824,13.66,0.66,88,0.0,0
048770,2664,2202.5,1.65,2,0.57,25
246690,1787,6.57,0.76,207,0.73,10
317240,190,0.0,7.51,0,0.0,0
057030,3039,7.58,1.18,472,4.19,150
040300,6078,54.35,1.17,131,0.84,60
051390,8894,10.75,0.43,352,3.96,150
052220,2431,43.56,1.31,73,0.0,0
079940,9245,6.99,1.26,1666,0.6,70
078890,12011,7.75,0.44,689,1.87,100
399720,4734,101.45,8.85,413,0.0,0
036620,568,21.25,6.73,180,0.0,0
217730,1301,0.0,1.48,0,0.0,0
114190,1237,180.68,19.28,132,0.0,0
094480,2934,34.89,1.64,138,0.93,45
039240,3837,8.51,0.79,358,4.27,130
053950,2976,0.0,0.51,0,0.0,0
011040,9479,15.03,0.71,447,5.95,400
024910,3398,4.78,0.82,581,0.0,0
198440,3419,0.0,0.57,0,0.0,0
049720,2824,14.39,3.88,761,3.01,330
014570,7855,6.23,0.87,1095,2.64,180
348150,4433,0.0,2.13,0,0.0,0
098460,4553,22.11,2.84,584,1.08,140
035290,313,0.0,4.38,0,0.0,0
215000,59058,4.92,1.52,18293,5.0,4500
121440,15929,2.09,0.27,2032,3.84,163
366030,2663,12.16,2.52,552,2.68,180
014200,1622,0.0,0.62,0,0.0,0
029480,2126,0.0,1.72,0,0.0,0
026910,4287,22.46,0.94,179,0.0,0
397880,0,0.0,0.0,0,0.0,0
421800,0,0.0,0.0,0,0.0,0
440790,0,0.0,0.0,0,0.0,0
456490,0,0.0,0.0,0,0.0,0
053270,3328,17.83,0.85,159,1.06,30
066620,21204,4.86,0.7,3036,2.71,400
043650,14755,0.0,0.37,0,3.86,210
006050,1416,23.51,0.91,55,0.0,0
060480,4324,38.79,0.82,91,1.42,50
078130,413,0.0,1.94,0,0.0,0
307750,1867,37.31,3.64,182,0.0,0
035080,40293,0.65,0.35,21470,1.43,200
204020,3430,31.04,0.91,101,0.96,30
114450,3509,0.0,0.86,0,0.0,0
186230,5635,0.0,1.56,0,0.0,0
204620,1630,0.0,3.48,0,0.0,0
019660,429,0.0,3.94,0,0.0,0
053260,7727,16.87,0.72,332,2.14,120
282720,6763,14.69,1.83,842,2.74,339
036190,50316,6.11,0.57,4707,4.52,1300
049080,718,0.0,2.0,0,0.0,0
420770,9464,31.78,9.16,2728,0.87,750
035460,2435,12.8,1.1,209,0.0,0
308100,9442,0.0,0.61,0,0.0,0
407400,1106,49.58,7.53,168,0.0,0
187790,883,0.0,1.71,0,0.0,0
286750,496,0.0,5.89,0,0.0,0
121600,18750,81.23,7.85,1811,0.17,250
247660,7261,412.24,2.78,49,0.0,0
039860,2150,24.14,1.95,174,0.0,0
091970,1050,0.0,0.64,0,0.0,0
417010,1067,84.57,19.26,243,0.0,0
405920,4774,6.88,1.45,1005,0.0,0
051490,6665,9.43,1.0,704,1.05,70
137080,9763,31.25,0.74,232,1.38,100
190510,7719,6.04,1.66,2119,0.0,0
242040,1193,245.0,2.05,10,0.0,0
089600,18182,7.9,1.03,2375,3.73,700
293580,996,15.34,1.36,88,1.33,18
138610,3696,0.0,4.67,0,0.0,0
130580,5448,6.88,1.12,889,2.97,182
036800,33633,5.3,0.69,4358,2.81,650
267320,671,4815.0,7.18,1,0.0,0
111710,8185,6.95,0.85,1003,4.3,300
091590,14298,4.55,0.55,1719,2.55,200
168330,1123,0.0,2.19,0,0.0,0
094860,372,0.0,1.02,0,0.0,0
253590,1714,14.78,2.35,273,0.87,35
212560,12301,6.86,0.56,997,1.46,100
095660,21772,59.28,1.7,625,0.0,0
042420,48255,0.0,0.52,0,0.0,0
311390,6133,0.0,1.36,0,0.0,0
085910,4291,9.02,0.85,405,6.84,250
092730,18184,11.25,1.35,2177,2.86,700
290660,337,0.0,3.46,0,0.0,0
306620,1135,0.0,2.5,0,0.0,0
153460,5096,9.21,1.49,824,0.0,0
007390,913,0.0,8.43,0,0.0,0
033640,10934,5.35,1.66,3399,0.0,0
330860,21047,11.33,1.14,2109,0.0,0
089140,13940,0.0,0.54,0,0.0,0
137940,1304,0.0,0.29,0,0.0,0
396270,2260,0.0,6.17,0,0.0,0
348210,10101,18.09,7.94,4433,0.62,500
225570,3718,151.27,4.48,110,0.0,0
217270,8628,0.0,0.89,0,0.0,0
104620,2075,0.0,3.77,0,0.0,0
194700,10231,8.66,1.02,1206,1.44,150
285490,12583,18.43,2.4,1639,0.66,200
106520,1432,0.0,0.29,0,0.0,0
376930,855,0.0,6.39,0,0.0,0
142280,1577,0.0,2.73,0,0.0,0
234690,5417,15.23,1.27,451,1.46,100
065560,1781,0.0,3.24,0,0.0,0
054050,15560,13.26,0.53,616,2.45,200
069140,3750,0.0,1.13,0,0.0,0
040160,7039,87.0,0.68,55,0.0,0
332290,866,0.0,2.34,0,0.0,0
348340,3844,0.0,8.51,0,0.0,0
060260,439,0.0,1.95,0,0.0,0
012340,520,0.0,3.08,0,0.0,0
214870,0,0.0,0.0,0,0.0,0
270870,10818,13.64,0.67,528,3.47,250
144960,5561,8.9,0.99,619,0.91,50
085670,2704,7.82,1.72,595,0.0,0
064260,4804,0.0,0.76,0,0.0,0
340360,468,0.0,3.63,0,0.0,0
039560,10652,0.91,0.47,5509,0.0,0
154040,2011,7.62,1.1,290,0.0,0
032190,29654,2.52,0.45,5319,2.24,300
068240,6014,0.0,2.32,0,0.0,0
020400,14688,13.92,0.65,684,0.63,60
008830,8267,12.26,0.7,470,0.69,40
048470,7207,0.0,0.54,0,0.78,30
004780,8206,6.7,0.5,610,2.44,100
017650,28061,3.14,0.31,2741,1.16,100
007720,1141,0.0,0.65,0,0.0,0
389260,6278,15.18,3.89,1607,0.0,0
317850,5713,67.16,1.82,155,0.86,90
290670,10708,14.06,3.86,2941,0.0,0
078140,10701,13.34,0.98,788,0.48,50
036480,10220,22.1,0.97,448,0.76,75
027830,1388,80.26,1.1,19,0.0,0
104040,1685,0.0,0.8,0,0.0,0
129920,4996,42.14,1.62,192,0.0,0
438220,0,0.0,0.0,0,0.0,0
442310,0,0.0,0.0,0,0.0,0
020180,755,20.42,1.43,53,0.92,10
045390,1561,26.13,1.99,119,0.0,0
108380,23432,0.0,0.54,0,0.0,0
006580,6960,0.0,0.47,0,1.23,40
007680,25597,4.15,0.24,1455,4.97,300
048910,7889,25.97,1.53,464,0.83,100
005710,20844,3.04,0.27,1879,3.06,175
290380,4311,0.0,0.53,0,0.0,0
290120,7447,2.14,0.59,2066,4.52,200
120240,20442,10.02,0.94,1916,2.08,400
003310,1949,15.04,0.95,123,1.89,35
078600,8056,1325.37,11.02,67,0.11,100
096350,166,0.0,3.81,0,0.0,0
140520,7269,1.02,0.37,2641,5.56,150
131220,4889,10.29,1.38,657,0.89,60
010170,1420,0.0,1.24,0,0.0,0
054670,7336,5.08,1.2,1733,1.14,100
023910,38333,6.64,0.72,4171,2.35,650
021040,6340,0.0,0.74,0,0.0,0
021045,0,0.0,0.0,0,0.0,0
067080,4452,120.47,1.73,64,1.95,150
298540,19725,4.42,1.06,4717,1.92,400
393890,27737,35.05,2.45,1940,0.0,0
299170,1259,13.23,1.52,145,0.0,0
224060,14734,0.0,0.45,0,0.0,0
213420,12991,28.75,3.48,1574,0.0,0
317330,10385,17.13,1.46,885,0.0,0
077360,6480,57.16,1.18,134,0.0,0
090410,1972,9.27,1.03,220,0.98,20
263600,6918,10.99,1.33,840,0.76,70
194480,16951,0.0,2.03,0,0.0,0
263800,1934,35.2,2.69,148,0.0,0
206560,2122,0.0,3.77,0,0.0,0
261200,2073,131.63,5.46,86,0.0,0
067990,11515,4.08,0.43,1213,7.27,360
006620,3696,22.18,1.43,238,2.08,110
100130,4637,0.0,0.68,0,0.0,0
005160,7762,43.6,0.7,125,2.39,130
075970,4331,17.87,0.88,214,2.09,80
086450,11419,11.85,1.25,1203,1.26,180
099410,2237,26.58,1.13,95,0.0,0
033500,5159,45.42,2.6,295,2.61,350
025950,10664,13.48,0.91,722,1.54,150
088130,17660,42.91,0.37,151,3.09,200
041930,9336,8.06,0.88,1017,1.46,120
060380,3966,8.79,0.57,257,2.21,50
079960,35453,7.58,0.62,2921,1.35,300
228340,6146,11.98,0.48,245,0.0,0
088910,7525,4.84,0.4,628,0.0,0
094170,1227,0.0,22.13,0,0.0,0
013120,11288,3.76,0.3,905,4.71,160
109860,18061,6.31,0.57,1646,3.85,400
032960,17356,42.66,0.77,312,0.26,35
023790,2298,0.0,0.73,0,0.0,0
005290,13553,11.64,2.66,3102,0.36,130
025900,36422,16.67,0.96,2099,0.0,0
131970,21119,15.21,2.22,3080,0.34,160
073190,1865,0.0,1.26,0,0.0,0
030350,972,0.0,0.52,0,0.0,0
203650,1683,15.79,1.79,191,0.0,0
223250,8496,18.04,1.65,776,0.0,0
060570,2951,6.6,1.07,480,0.0,0
217620,214,0.0,5.27,0,0.0,0
016670,515,0.0,0.71,0,0.0,0
187870,19571,9.17,0.73,1560,1.47,210
066670,10086,14.07,0.61,435,0.82,50
110990,9727,20.26,1.06,508,2.92,300
263690,6684,8.22,1.61,1306,2.95,317
214680,1041,29.47,2.92,103,0.0,0
263720,6066,34.96,2.9,504,0.0,0
376300,5988,50.89,6.22,732,0.0,0
141020,109,0.0,34.27,0,0.0,0
109740,5020,0.0,1.06,0,0.0,0
196490,2984,0.0,1.5,0,0.0,0
066900,7244,6.57,0.47,518,0.0,0
127120,1632,0.0,2.07,0,0.0,0
092070,13033,39.8,1.52,499,1.01,200
039840,11250,0.0,2.46,0,0.0,0
219550,1217,40.73,1.0,30,0.0,0
310870,2247,8.95,0.84,210,0.0,0
104460,11057,0.0,1.92,0,0.47,100
079810,1332,0.0,21.47,0,0.0,0
113810,499,0.0,2.08,0,0.0,0
043360,5011,35.39,0.54,77,0.0,0
197140,4799,52.88,1.15,104,0.55,30
068930,5758,8.92,1.04,673,3.33,200
033130,2204,26.73,0.91,75,1.0,20
105740,12310,15.77,0.88,685,1.85,200
263020,4112,6.36,0.73,473,1.66,50
290550,6123,7.75,1.51,1193,0.0,0
187220,8768,33.02,0.47,124,0.0,0
383930,3668,9.69,1.37,517,0.0,0
131180,2103,12.67,0.57,94,3.36,40
315640,1070,0.0,19.35,0,0.0,0
317120,1487,0.0,2.96,0,0.0,0
042510,983,13.49,2.36,172,0.0,0
232680,2252,15.42,4.13,603,0.54,50
418420,300,325.22,24.93,23,0.0,0
300120,2616,0.0,2.54,0,0.75,50
171120,3414,16.42,1.19,247,4.93,200
388790,1902,0.0,1.14,0,0.0,0
069540,2214,0.0,1.52,0,0.0,0
347700,936,0.0,4.85,0,0.0,0
214260,4840,0.0,4.86,0,0.0,0
200350,6554,0.0,2.15,0,0.0,0
171010,3731,13.99,1.63,436,0.0,0
084650,3079,7.08,1.64,715,0.0,0
217500,1830,32.12,1.98,113,0.83,30
141080,8611,0.0,4.11,0,0.0,0
038390,23494,6.02,0.66,2589,5.78,900
294140,319,0.0,10.0,0,0.0,0
228670,8300,48.61,3.17,541,0.0,0
228850,14282,7.14,0.7,1401,3.0,300
412350,4176,0.0,2.76,0,0.0,0
281740,1310,40.22,12.62,411,0.0,0
277810,3663,320.22,31.12,356,0.0,0
215100,1459,0.0,3.58,0,0.0,0
090360,9222,87.39,3.19,337,0.0,0
108490,7148,0.0,3.85,0,0.0,0
067730,1764,164.52,1.96,21,1.74,60
071280,7003,4.59,0.89,1358,0.8,50
328130,5636,0.0,27.13,0,0.0,0
038060,1992,4.22,0.72,338,0.0,0
085370,6286,20.75,5.85,1771,0.88,322
08537M,0,0.0,0.0,0,0.26,151
060240,1490,0.0,1.33,0,0.0,0
058470,32491,22.01,5.1,7534,1.81,3000
039980,1554,0.0,0.52,0,0.0,0
019570,768,0.0,1.16,0,0.0,0
016100,2357,0.0,1.46,0,0.0,0
012700,16662,4.7,0.35,1250,13.63,800
302550,4883,26.85,3.59,653,0.0,0
073570,6722,3.08,2.27,4957,0.0,0
377450,8818,6.81,0.85,1095,0.0,0
277070,4210,18.88,1.2,267,0.56,28
042500,6765,4.97,0.59,810,0.0,0
219420,3754,32.21,1.48,172,0.0,0
439090,3642,2.73,9.14,12191,0.0,0
195500,4069,0.0,0.89,0,0.0,0
377480,4213,0.0,5.44,0,0.0,0
305090,366,0.0,19.34,0,0.0,0
098120,5894,8.55,1.23,848,1.1,80
424980,5335,14.19,3.15,1185,0.0,0
038290,17861,0.0,1.07,0,1.57,300
267980,69073,23.88,0.68,1966,2.56,1200
005990,26999,16.56,0.32,520,1.74,150
093520,8312,5.63,1.25,1854,1.15,120
377030,1953,0.0,3.92,0,0.0,0
100590,5967,140.0,0.84,36,0.0,0
067280,28530,6.18,1.11,5106,2.54,800
072870,26478,6.23,0.39,1637,10.29,1050
215200,35711,5.64,1.39,8793,4.24,2100
133750,2978,20.82,0.67,96,0.0,0
235980,1533,0.0,9.51,0,0.0,0
041920,5644,8.28,0.97,664,0.91,50
014100,7165,0.0,0.43,0,0.0,0
054180,2476,0.0,0.55,0,0.0,0
086900,67873,39.14,3.18,5518,0.46,1000
078160,11147,47.84,0.82,190,0.0,0
065650,661,0.0,2.07,0,0.0,0
408920,1803,0.0,1.59,0,0.0,0
021880,374,0.0,0.83,0,0.0,0
140410,981,0.0,40.57,0,0.0,0
241770,19540,2.66,0.61,4453,3.84,455
059210,2649,31.3,1.36,115,0.56,20
058110,4312,0.0,0.69,0,1.0,30
257370,2120,0.0,4.34,0,0.0,0
434480,1490,81.02,4.79,88,0.0,0
080420,4472,0.0,0.63,0,0.0,0
417970,9776,12.67,1.78,1370,1.73,300
080160,3211,0.0,5.33,0,0.0,0
087260,1415,37.38,1.72,65,0.0,0
101330,12937,4.83,0.3,809,1.79,70
012860,2532,29.79,1.14,97,0.35,10
363260,250,0.0,3.17,0,0.0,0
348030,8312,14.92,1.06,589,0.0,0
250060,742,0.0,4.1,0,0.0,0
288980,1131,40.53,2.04,57,0.0,0
033200,7713,0.0,0.59,0,0.0,0
333050,837,0.0,1.72,0,0.97,14
118990,7276,10.6,2.3,1580,1.47,246
006920,2326,24.18,1.78,171,0.0,0
001810,9321,0.0,0.21,0,0.78,15
279600,3538,0.0,2.91,0,0.0,0
095500,8218,0.0,2.42,0,0.3,60
254490,5065,15.65,4.32,1399,0.0,0
218150,2147,92.88,2.25,52,0.0,0
442900,0,0.0,0.0,0,0.0,0
100790,6217,4.24,0.8,1169,0.0,0
412930,0,0.0,0.0,0,0.0,0
446190,0,0.0,0.0,0,0.0,0
448830,0,0.0,0.0,0,0.0,0
049950,16837,10.86,2.41,3737,0.74,300
207760,912,46.62,2.15,42,0.51,10
059090,4503,0.0,2.45,0,0.0,0
214610,967,0.0,4.23,0,0.0,0
201490,3872,10.99,0.79,277,0.0,0
206640,7445,16.81,2.44,1080,0.83,150
018700,1705,0.0,1.13,0,0.0,0
035620,1160,0.0,0.61,0,0.0,0
053030,6196,22.66,1.47,402,0.0,0
301300,1017,0.0,8.31,0,0.0,0
064550,9144,83.76,4.29,468,0.0,0
314930,7509,62.64,7.59,910,0.0,0
208710,1212,178.67,0.88,6,0.0,0
086820,5456,0.0,1.78,0,0.0,0
038460,5038,94.47,0.71,38,0.0,0
251120,6211,26.42,2.09,492,0.0,0
199730,4339,9.07,3.16,1511,0.0,0
086040,3022,37.9,2.33,186,0.0,0
099430,1955,22.01,4.1,364,0.87,70
032980,645,0.0,2.46,0,0.0,0
222160,2907,100.0,2.06,60,0.0,0
308080,4717,0.0,1.19,0,0.0,0
043150,23514,6.82,1.5,5176,0.28,100
323990,1532,0.0,19.71,0,0.0,0
267790,3865,0.0,1.81,0,0.0,0
046310,3002,12.23,1.18,289,0.0,0
331520,517,31.71,2.15,35,0.0,0
438700,2725,0.0,4.39,0,0.0,0
066410,1886,0.0,0.61,0,0.0,0
382900,12395,77.74,1.83,292,0.0,0
206400,2426,0.0,1.82,0,0.0,0
019010,7548,0.0,0.29,0,1.36,30
177350,2564,0.0,1.75,0,0.0,0
299910,0,0.0,0.0,0,0.0,0
424760,0,0.0,0.0,0,0.0,0
225530,2447,18.19,2.47,332,2.48,150
250000,11667,5.36,1.22,2644,2.12,300
310210,2733,0.0,27.37,0,0.0,0
006910,1651,0.0,1.9,0,0.0,0
226340,835,42.46,3.31,65,0.0,0
014470,3441,4.31,0.73,582,0.0,0
008470,9740,0.0,0.5,0,1.03,50
338220,1643,0.0,22.09,0,0.0,0
100120,22784,10.38,1.32,2890,2.33,700
406820,10616,24.24,2.49,1089,0.0,0
337930,2675,13.79,1.77,344,2.53,120
099390,5354,11.58,1.34,621,0.83,60
064480,4465,23.07,1.51,293,2.22,150
288330,2607,0.0,2.11,0,0.0,0
365900,6716,25.08,0.71,191,0.0,0
251630,6661,0.0,1.84,0,0.82,100
018290,2395,31.43,4.49,342,0.0,0
044480,873,0.0,1.44,0,0.0,0
033560,9397,0.0,0.41,0,0.0,0
369370,845,0.0,1.95,0,0.0,0
126340,10977,25.41,4.86,2098,0.0,0
121800,10366,0.0,0.32,0,0.0,0
148140,0,0.0,0.0,0,0.0,0
082800,452,0.0,1.4,0,0.0,0
318410,13154,52.17,0.73,184,2.08,200
419540,752,0.0,2.93,0,0.0,0
146320,5955,19.07,2.73,851,0.0,0
200780,9427,198.48,0.69,33,1.53,100
141000,14931,6.71,0.62,1382,1.62,150
083650,1898,0.0,3.68,0,0.0,0
445360,0,0.0,0.0,0,0.0,0
142760,690,0.0,4.33,0,0.0,0
065170,380,0.0,1.66,0,0.0,0
086670,11634,7.91,1.21,1784,1.42,200
335890,670,37.12,10.97,198,0.14,10
138580,3070,21.32,3.42,493,0.0,0
082920,8768,20.2,2.51,1089,0.91,200
054220,374,0.0,1.48,0,0.0,0
042370,8197,34.09,1.03,247,0.59,50
050090,1128,0.0,1.13,0,0.0,0
307870,564,0.0,6.07,0,0.0,0
357880,3236,0.0,2.0,0,0.0,0
032850,3816,18.85,1.46,296,1.09,61
148780,379,0.0,2.56,0,0.0,0
238200,6417,35.45,1.04,189,0.0,0
093190,11015,8.29,0.51,674,7.16,400
065450,2130,0.0,2.01,0,0.0,0
210120,4735,43.39,4.92,537,0.0,0
072950,8591,16.78,0.54,278,3.6,168
143240,15673,7.26,1.23,2656,3.63,700
419120,7296,6.24,1.26,1469,1.97,180
122350,3011,0.0,0.86,0,0.0,0
419050,3638,25.16,4.57,661,0.0,0
014970,3969,0.0,0.94,0,2.0,75
018310,33446,4.0,0.53,4457,0.56,100
053700,14119,4.88,0.4,1169,0.88,50
009620,535,0.0,1.79,0,0.0,0
023600,31370,2.63,0.3,3517,1.89,175
380320,0,0.0,0.0,0,0.0,0
377630,0,0.0,0.0,0,0.0,0
425290,0,0.0,0.0,0,0.0,0
439250,0,0.0,0.0,0,0.0,0
448740,0,0.0,0.0,0,0.0,0
009300,29593,8.98,0.59,1952,2.28,400
225190,3600,12.0,2.71,814,9.21,900
361670,4529,0.0,1.38,0,0.0,0
054540,5141,0.0,0.78,0,1.24,50
065570,3631,0.0,1.43,0,0.0,0
032280,3874,23.1,0.47,79,0.0,0
002290,5077,17.59,0.7,201,3.54,125
037460,20202,2.4,0.37,3133,5.98,450
032750,11498,24.17,0.49,235,1.41,80
054090,3746,0.0,0.6,0,0.0,0
000250,7873,226.79,7.63,265,0.0,0
024950,7719,0.0,0.78,0,0.0,0
038500,6403,11.78,0.52,281,2.72,90
017480,12264,4.68,0.4,1037,6.19,300
046390,1462,5.4,1.29,349,0.0,0
027580,1114,10.81,1.44,148,0.0,0
038540,13665,5.11,0.32,866,2.26,100
101000,612,0.0,3.41,0,0.0,0
415580,0,0.0,0.0,0,0.0,0
091580,9077,9.33,1.87,1819,0.68,115
263810,2891,62.09,1.7,79,0.0,0
089980,11865,50.32,2.02,476,0.84,200
042940,613,0.0,0.89,0,0.0,0
042600,16261,4.56,2.06,7365,0.0,0
107600,12989,45.23,6.43,1846,0.36,300
411080,203,45.66,40.94,182,0.0,0
252990,2296,16.6,2.23,309,0.0,0
378800,1303,0.0,3.2,0,0.0,0
294630,370,0.0,14.3,0,0.0,0
038070,10044,8.62,0.98,1143,1.32,130
006730,11459,31.84,0.78,282,0.56,50
079650,3445,30.14,0.52,59,0.0,0
100660,5090,28.5,0.97,173,0.71,35
019770,6522,16.67,0.61,240,1.13,45
043710,601,0.0,1.5,0,0.0,0
092190,2110,0.0,2.16,0,0.0,0
046890,12504,0.0,0.96,0,1.83,220
063170,7375,47.3,1.73,270,0.78,100
027040,780,0.0,0.65,0,0.0,0
018680,3038,40.26,1.26,95,0.0,0
093920,10618,4.76,0.55,1235,6.8,400
189860,3515,0.0,1.31,0,0.0,0
178320,14358,343.49,1.03,43,0.0,0
122690,3973,10.2,0.92,357,0.0,0
140070,5292,5.18,0.72,733,1.32,50
011370,3928,2.57,0.26,390,4.99,50
065710,17842,8.57,1.06,2215,7.9,1500
035890,3361,2.97,0.4,454,3.34,45
357550,5512,60.59,8.72,793,0.0,0
003100,58858,7.83,0.33,2510,1.78,350
067370,1937,141.08,5.39,74,0.48,50
171090,9317,0.0,2.38,0,0.0,0
086710,5376,5.67,1.71,1620,0.22,20
014620,16891,10.29,0.86,1405,0.69,100
037350,18176,52.12,0.22,78,2.46,100
081580,7276,6.58,0.34,371,2.05,50
045300,7187,9.29,0.64,498,0.86,40
015750,14578,20.74,0.69,487,0.99,100
365340,24421,31.22,4.93,3856,0.0,0
080470,6008,17.38,0.93,321,1.25,70
043260,1685,0.0,0.99,0,0.0,0
148150,14689,10.36,0.99,1402,0.0,0
053060,1631,2.91,1.27,709,0.0,0
340440,1029,26.52,2.04,79,0.0,0
017510,4901,19.59,0.59,148,2.41,70
011560,18328,3.6,0.46,2361,5.88,500
396300,2407,30.07,1.87,150,0.0,0
100700,2841,10.92,0.92,240,2.29,60
024830,29139,3.71,0.25,1949,0.35,25
258830,487,0.0,2.48,0,0.0,0
036630,1159,0.0,0.52,0,0.0,0
039310,4896,11.01,0.46,203,0.0,0
067770,5424,0.0,0.51,0,0.0,0
053450,7541,0.0,0.96,0,0.0,0
222810,552,0.0,4.82,0,0.0,0
252500,895,33.91,1.21,32,0.92,10
321370,648,0.0,6.05,0,0.0,0
347000,1302,145.67,3.36,30,0.0,0
331920,2277,0.0,1.9,0,0.0,0
049180,1292,0.0,2.77,0,0.0,0
299660,2105,0.0,3.01,0,0.0,0
268600,294,0.0,22.72,0,0.0,0
108860,2340,75.09,9.21,287,0.0,0
208370,1469,69.83,5.61,118,0.0,0
318160,0,0.0,0.0,0,0.0,0
068760,9049,111.23,8.1,659,0.0,0
091990,12795,75.14,5.36,913,0.19,130
068940,680,2.74,1.14,284,0.0,0
060230,3549,0.0,1.04,0,0.0,0
290690,5249,0.0,3.56,0,0.27,50
032680,721,5.56,0.94,122,0.0,0
032685,0,0.0,0.0,0,0.0,0
258790,697,42.7,2.27,37,0.0,0
066910,695,0.0,3.63,0,0.0,0
043100,441,0.0,1.03,0,0.0,0
035610,4825,0.0,0.84,0,0.0,0
357780,100423,11.33,2.36,20967,0.84,2000
036830,55592,9.64,0.54,3107,0.57,170
304100,4225,0.0,9.05,0,0.0,0
328380,628,0.0,2.29,0,0.0,0
086980,2165,0.0,1.48,0,0.0,0
050960,11972,25.2,0.78,369,1.34,125
084180,614,0.0,1.33,0,0.0,0
253840,8641,4.14,0.81,1686,2.15,150
298830,0,0.0,0.0,0,0.0,0
236200,26171,8.36,0.82,2560,0.0,0
094840,18518,5.27,0.38,1337,0.0,0
192440,70159,5.93,0.46,5476,1.72,560
136510,0,0.0,0.0,0,0.0,0
099440,2445,8.44,1.12,326,0.0,0
033790,1399,13.63,1.0,103,0.0,0
276040,2061,0.0,4.05,0,0.0,0
159910,78,0.0,1.69,0,0.0,0
115570,9870,4.49,0.38,830,0.0,0
330730,4951,9.41,0.78,412,10.32,400
253450,21982,30.05,2.3,1684,0.0,0
408900,4847,72.48,5.49,367,0.0,0
204630,843,0.0,0.77,0,0.0,0
013810,3154,77.12,1.27,52,0.0,0
203690,1090,0.0,6.5,0,0.0,0
049830,24634,45.68,0.41,222,0.84,85
020710,6517,12.98,0.72,363,0.42,20
033170,1532,14.36,0.83,88,0.0,0
048870,1692,10.23,1.2,199,0.0,0
025320,1373,26.62,2.21,114,0.0,0
269620,337,0.0,2.64,0,0.0,0
429270,3305,0.0,5.93,0,0.0,0
131090,1018,8.81,1.02,118,2.4,25
232830,852,13.82,3.78,233,0.0,0
139050,5010,0.0,1.05,0,0.0,0
290520,3913,0.0,1.17,0,0.0,0
001000,634,0.0,3.1,0,0.0,0
025870,4420,29.08,1.87,284,0.0,0
215600,768,0.0,6.27,0,0.0,0
065350,6076,95.53,9.86,627,0.2,120
162300,1580,19.88,2.05,163,0.0,0
002800,3935,16.63,1.23,291,1.03,50
419270,0,0.0,0.0,0,0.0,0
430220,0,0.0,0.0,0,0.0,0
445970,0,0.0,0.0,0,0.0,0
017000,8382,10.76,0.51,397,0.0,0
012790,10676,6.23,0.61,1053,1.52,100
138070,4467,10.78,0.62,255,3.64,100
226330,2327,0.0,6.69,0,0.0,0
418210,0,0.0,0.0,0,0.0,0
366330,0,0.0,0.0,0,0.0,0
393360,0,0.0,0.0,0,0.0,0
405640,0,0.0,0.0,0,0.0,0
056700,3184,0.0,0.72,0,0.0,0
187270,6216,9.26,0.75,505,0.0,0
243840,39654,19.43,1.21,2468,0.69,330
257720,1602,42.74,4.96,186,0.0,0
222800,19171,4.6,1.85,7719,1.41,500
036710,4971,3.91,0.56,711,1.8,50
160980,14805,18.95,0.97,761,2.08,300
356890,6049,21.55,1.57,440,0.84,80
217330,318,0.0,49.47,0,0.0,0
010280,891,4.29,0.91,188,0.0,0
208640,247,0.0,1.69,0,0.0,0
222420,870,0.0,2.17,0,0.0,0
037760,2867,5.68,0.54,272,3.24,50
099320,13307,0.0,2.1,0,0.29,80
049960,15794,9.33,0.71,1201,4.01,450
050890,3761,10.55,1.37,490,0.97,50
066790,485,31.0,1.02,16,0.0,0
222080,2221,57.89,4.95,190,0.0,0
352480,13422,42.59,5.22,1646,0.0,0
264660,11308,6.35,1.16,2062,3.82,500
352700,6156,4.95,0.56,698,7.53,260
297090,3227,0.0,4.25,0,0.0,0
359090,664,18.05,1.98,73,0.0,0
115530,171,16.35,2.49,26,0.0,0
115480,1279,5.12,0.81,202,0.0,0
340810,483,0.0,20.39,0,0.0,0
376290,5729,17.57,0.66,216,1.69,64
189330,3439,0.0,3.81,0,0.0,0
096530,23037,5.83,0.91,3586,3.83,800
101240,7236,9.5,0.79,601,3.15,180
060590,4014,50.57,3.57,283,0.0,0
260930,8171,0.0,0.81,0,0.76,50
013990,4909,9.64,0.62,316,0.0,0
123860,3276,0.0,7.28,0,0.0,0
025980,5866,22.33,1.37,360,0.0,0
058220,0,0.0,0.0,0,0.0,0
125210,3388,21.17,4.32,692,0.0,0
357580,3359,0.0,5.6,0,0.0,0
052710,12114,0.0,1.0,0,0.0,0
074430,585,0.0,2.57,0,0.0,0
092040,6741,0.0,2.56,0,0.0,0
083930,12644,13.99,1.5,1358,1.58,300
149950,9873,0.0,1.49,0,0.0,0
036010,8801,20.21,1.62,704,0.49,70
050860,5722,4.43,0.43,553,2.04,50
136410,5213,11.32,1.42,653,0.0,0
246720,561,0.0,15.78,0,0.0,0
067390,4654,0.0,0.2,0,0.0,0
159010,4102,17.44,2.89,680,0.0,0
127710,5445,2.63,0.26,529,0.0,0
154030,2227,0.0,1.43,0,0.0,0
227610,454,0.0,4.6,0,0.0,0
143160,18950,17.63,1.09,1177,1.69,350
054800,27120,2.75,0.45,4473,2.03,250
332370,3813,4.5,0.92,778,4.29,150
339950,866,307.17,2.13,6,0.0,0
099190,10416,50.6,2.86,588,1.18,350
289010,5381,61.92,0.75,65,0.0,0
214430,11332,37.77,2.97,891,0.59,200
040910,9698,0.0,0.88,0,1.17,100
368600,3773,0.0,1.28,0,0.0,0
052860,2537,40.45,0.89,56,0.0,0
069920,2228,0.0,1.57,0,0.0,0
038880,331,0.0,1.58,0,0.0,0
307180,666,41.01,5.17,84,0.0,0
101390,5003,0.0,1.29,0,0.0,0
078860,981,0.0,0.24,0,0.0,0
090150,1907,0.0,0.82,0,2.23,35
123010,1752,0.0,0.98,0,0.0,0
031310,7926,0.0,0.36,0,0.0,0
185490,3107,0.0,1.17,0,0.0,0
059100,4978,12.89,1.2,463,0.0,0
262840,4623,20.26,1.34,305,1.62,100
175250,2400,0.0,1.06,0,0.0,0
052460,2772,97.86,1.48,42,0.0,0
119830,7113,9.12,1.49,1162,0.0,0
052770,205,0.0,7.23,0,0.0,0
124500,2681,43.06,1.37,85,0.0,0
372800,4075,0.0,1.87,0,0.0,0
084850,9379,0.0,2.51,0,0.0,0
114840,5905,31.61,4.86,908,0.22,63
027360,2064,130.0,1.07,17,0.9,20
032080,5240,0.0,0.31,0,1.24,20
013310,6314,5.3,0.71,845,0.0,0
059120,4743,47.44,1.76,176,0.9,75
158430,15797,5.01,1.29,4059,0.49,100
067160,22106,14.73,3.63,5445,0.91,730
001540,13620,12.88,0.57,604,2.83,220
053800,29416,38.75,2.15,1631,1.74,1100
065660,10974,0.0,1.33,0,0.0,0
297570,903,8.73,1.7,176,0.0,0
260660,5898,11.72,1.06,535,2.07,130
354320,15547,64.57,5.22,1256,0.0,0
361570,2707,281.0,1.56,15,0.0,0
131370,1648,39.26,1.93,81,0.63,20
140670,4542,134.79,2.79,94,0.0,0
096610,2779,0.0,4.06,0,0.0,0
061040,7351,10.33,0.53,378,0.0,0
148250,5838,0.0,1.02,0,0.5,30
347860,1610,0.0,8.71,0,0.0,0
196170,2889,0.0,15.28,0,0.0,0
123750,2128,0.0,1.51,0,0.0,0
085810,1691,0.0,0.91,0,0.0,0
117670,2030,0.0,0.47,0,0.0,0
314140,11145,16.13,0.89,617,0.0,0
291650,1721,0.0,2.14,0,0.0,0
293780,2349,0.0,4.34,0,0.0,0
196300,2391,0.0,5.93,0,0.0,0
310200,1829,27.05,1.8,122,0.0,0
179530,1771,11.87,1.99,297,0.0,0
205500,661,0.0,2.87,0,0.0,0
052790,18774,28.53,0.35,232,0.0,0
290740,6815,0.0,1.08,0,1.36,100
238090,5882,0.0,0.48,0,0.0,0
092600,2261,0.0,0.65,0,0.0,0
129890,5569,0.0,0.9,0,0.0,0
174900,2390,0.0,6.67,0,0.0,0
255440,12322,0.0,0.75,0,0.0,0
030960,13428,0.0,1.52,0,0.25,50
102120,7332,11.65,1.22,770,2.23,200
263540,1039,57.21,5.73,104,0.0,0
238120,4013,25.09,2.03,324,0.0,0
019990,4654,80.63,1.39,80,0.78,50
270660,5106,22.89,2.56,570,0.0,0
038680,4248,0.0,1.08,0,0.0,0
217480,626,0.0,0.56,0,0.0,0
121890,739,0.0,1.0,0,0.0,0
097780,4117,0.0,0.32,0,0.0,0
304360,0,0.0,0.0,0,0.0,0
389500,3701,0.0,10.74,0,0.0,0
042110,2468,8.72,0.61,172,2.33,35
298060,1850,0.0,2.57,0,0.0,0
065420,259,0.0,1.34,0,0.0,0
103230,5907,15.06,0.82,323,0.0,0
260970,19241,5.73,0.72,2425,2.16,300
101490,9140,58.23,5.34,838,0.31,150
095910,3518,0.0,0.6,0,0.0,0
275630,4626,14.51,0.99,315,0.0,0
031330,3685,4.47,0.72,590,8.73,230
060540,3834,6.43,0.59,350,2.22,50
351320,1235,84.86,2.47,36,0.52,16
056190,31974,15.27,1.06,2213,2.57,870
080000,3989,13.67,0.76,221,0.0,0
214310,972,0.0,0.31,0,0.0,0
041510,29467,37.55,4.32,3390,0.94,1200
007820,3549,48.94,1.7,123,1.16,70
109610,3719,23.43,1.06,169,0.0,0
031860,688,0.0,1.44,0,0.0,0
306040,13155,3.43,0.78,2974,4.9,500
457940,0,0.0,0.0,0,0.0,0
435870,0,0.0,0.0,0,0.0,0
455910,0,0.0,0.0,0,0.0,0
096630,744,21.56,1.91,66,0.0,0
069510,16586,7.56,0.52,1134,3.5,300
041910,9939,0.0,0.65,0,1.55,100
234300,2506,3.48,1.74,1250,0.0,0
039440,14767,14.16,1.92,1999,0.88,250
098660,2465,19.43,1.04,132,4.29,110
052020,1175,0.0,11.44,0,0.0,0
237690,17951,83.07,4.43,957,0.63,500
050760,4237,0.0,0.47,0,0.0,0
288620,10231,135.93,1.63,123,0.3,50
317830,5715,59.41,2.31,222,0.0,0
058610,9627,32.08,3.0,901,0.69,200
043340,333,145.0,2.18,5,0.0,0
187660,1434,177.08,1.48,12,0.0,0
054630,367,0.0,0.95,0,0.0,0
200710,12572,50.67,1.81,450,0.0,0
096690,908,11.92,0.51,39,0.0,0
298380,1455,276.12,12.71,67,0.0,0
203400,801,0.0,9.7,0,0.0,0
195990,512,0.0,0.76,0,0.0,0
003800,58224,4.97,0.45,5293,5.06,1330
088800,1355,0.0,1.66,0,0.0,0
241840,6302,31.89,2.23,440,0.0,0
312610,3256,0.0,1.17,0,0.0,0
172670,9071,10.38,2.24,1955,0.49,100
072990,10504,10.44,0.78,781,0.0,0
227100,3613,0.0,0.96,0,0.0,0
239610,20353,46.45,0.69,304,0.0,0
353060,0,0.0,0.0,0,0.0,0
148930,5458,35.9,1.49,227,0.0,0
044780,3220,8.35,0.6,233,1.54,30
357230,7005,14.94,1.21,567,0.94,80
071670,8402,21.52,1.23,479,0.0,0
045660,11410,13.51,0.8,673,2.2,200
224110,10573,15.95,1.25,828,0.76,100
230980,329,0.0,2.95,0,0.0,0
021080,3553,4.63,0.78,600,5.4,150
089530,612,0.0,0.98,0,0.0,0
200470,2805,30.05,1.12,105,0.0,0
262260,4153,0.0,3.74,0,0.0,0
109960,5570,0.0,0.34,0,0.0,0
397030,6549,0.0,3.48,0,0.0,0
089970,5529,10.49,2.46,1298,0.0,0
230240,13150,5.18,2.02,5127,0.0,0
230360,5901,8.61,1.73,1182,3.05,310
038870,5888,0.0,0.84,0,0.0,0
101360,7635,4300.0,3.94,7,0.0,0
128540,3408,0.0,1.1,0,0.0,0
086520,50778,751.92,21.19,1431,0.05,500
247540,13962,108.3,22.35,2881,0.14,450
383310,5677,43.34,16.15,2116,0.65,600
038110,4671,7.51,1.14,710,0.94,50
073540,4923,3.31,0.47,706,0.0,0
064850,4803,11.2,1.57,673,2.39,180
036810,12460,9.88,1.78,2242,0.45,100
173940,3005,0.0,2.07,0,0.0,0
083500,7825,15.61,1.2,603,1.06,100
054940,1853,4.55,0.56,227,0.0,0
043090,1118,0.0,0.52,0,0.0,0
205100,2636,20.2,1.88,245,0.0,0
356680,1081,14.27,2.89,219,0.0,0
070300,3331,22.48,0.82,121,0.0,0
317770,2170,76.41,5.0,142,0.0,0
092870,13912,9.38,1.01,1500,0.71,100
317870,2577,0.0,6.12,0,0.0,0
067570,4693,0.0,0.66,0,3.88,120
236810,2248,0.0,2.85,0,0.0,0
333620,5401,35.88,2.24,337,0.5,60
101400,614,0.0,0.99,0,0.0,0
391060,0,0.0,0.0,0,0.0,0
422040,0,0.0,0.0,0,0.0,0
437780,0,0.0,0.0,0,0.0,0
438580,0,0.0,0.0,0,0.0,0
439410,0,0.0,0.0,0,0.0,0
440820,0,0.0,0.0,0,0.0,0
450410,0,0.0,0.0,0,0.0,0
451700,0,0.0,0.0,0,0.0,0
265740,6412,40.24,1.32,210,0.24,20
354200,2020,0.0,3.17,0,0.0,0
419080,4504,35.65,3.77,476,0.0,0
208860,584,0.0,3.78,0,0.0,0
183490,2394,0.0,0.69,0,0.0,0
182400,2158,0.0,6.25,0,0.0,0
348370,17886,44.54,3.53,1419,0.0,0
058450,282,0.0,2.47,0,0.0,0
069410,5273,383.33,0.87,12,0.0,0
227950,962,89.22,0.83,9,0.0,0
291230,732,0.0,4.3,0,0.0,0
198080,4249,0.0,0.44,0,0.0,0
048830,2343,22.95,0.77,79,1.65,30
096870,2308,10.65,1.35,293,0.0,0
138690,129,0.0,21.32,0,0.0,0
290650,4318,177.25,8.21,200,0.14,50
066970,38454,25.52,5.49,8269,0.24,500
156100,824,0.0,10.79,0,0.0,0
073110,16704,145.23,0.38,44,3.13,200
083310,12896,16.25,1.87,1486,0.41,100
037950,863,16.56,1.78,93,0.0,0
170920,10649,34.98,0.9,275,0.0,0
058630,4868,5.88,1.4,1162,0.0,0
058970,4519,121.8,15.58,578,0.0,0
019590,468,0.0,2.16,0,0.0,0
169330,1639,8.7,1.79,338,5.78,170
373170,1445,37.03,23.01,898,0.0,0
179290,2604,15.97,3.67,598,1.26,120
009780,7565,5.54,0.75,1030,1.05,60
123040,4223,5.12,1.21,997,0.98,50
323230,1058,0.0,0.99,0,0.0,0
032790,1490,0.0,1.59,0,0.0,0
033160,18711,0.0,0.78,0,0.68,100
347890,4346,13.06,1.88,624,3.07,250
033310,3479,30.0,1.12,130,0.0,0
259630,4617,0.0,3.24,0,0.0,0
115960,19945,509.0,0.77,30,0.0,0
060850,5441,9.21,1.5,888,1.71,140
143540,928,0.0,1.08,0,0.0,0
036560,21622,13.17,0.6,985,3.08,400
265560,5326,23.22,1.97,451,0.48,50
036000,5378,0.0,0.36,0,0.0,0
250930,991,0.0,0.92,0,0.0,0
053280,7341,80.88,0.63,57,4.34,200
122640,4673,0.0,3.81,0,0.0,0
045060,6078,6.96,0.51,441,1.63,50
080520,11484,0.0,0.42,0,2.09,100
039830,12653,10.01,0.57,719,1.67,120
322310,6597,0.0,3.42,0,0.0,0
046120,2120,0.0,1.92,0,0.0,0
014940,1862,18.18,1.8,184,1.49,50
065500,1376,0.0,0.82,0,0.0,0
010470,9183,13.56,1.56,1059,1.88,270
417860,34,0.0,1436.76,0,0.0,0
352910,2879,0.0,3.09,0,0.0,0
053980,4079,11.57,1.36,478,0.0,0
052420,2857,36.92,0.5,39,0.0,0
241790,9808,9.7,1.47,1488,2.91,420
039200,3334,0.0,9.18,0,0.0,0
226400,2190,126.4,2.89,50,0.0,0
031510,3556,0.0,0.48,0,1.18,20
368970,3707,41.05,1.58,143,0.0,0
138080,14050,0.0,0.92,0,1.56,200
080580,1876,36.11,3.12,162,0.0,0
067170,7464,0.0,0.72,0,2.42,130
353590,2337,0.0,4.0,0,0.0,0
173130,3006,28.35,4.87,516,0.34,50
440320,2536,0.0,3.04,0,0.0,0
049480,2436,12.88,1.01,191,0.61,15
394280,1524,0.0,12.05,0,0.0,0
309930,1323,82.25,4.41,71,0.0,0
244460,357,0.0,4.89,0,0.0,0
226950,4810,0.0,3.11,0,0.0,0
057540,1842,85.83,0.56,12,0.0,0
131030,8207,15.98,0.62,316,1.98,100
082210,1253,0.0,2.27,0,0.0,0
109080,10555,7.2,1.04,1519,1.83,200
380540,841,0.0,1.5,0,0.0,0
153710,1978,0.0,3.63,0,0.0,0
321820,872,0.0,4.93,0,0.0,0
432430,875,0.0,12.99,0,0.0,0
122990,12377,0.0,0.49,0,4.08,250
112290,6681,26.93,1.85,460,0.81,100
232140,3663,11.75,1.04,323,0.0,0
065530,1581,39.2,1.26,51,2.5,50
067900,11038,5.9,0.73,1361,0.62,50
007530,2235,26.45,1.55,131,0.0,0
155650,5904,6.27,1.11,1041,3.83,250
273640,5419,15.5,3.32,1161,2.11,380
251370,7667,0.0,1.64,0,0.0,0
066430,787,45.25,1.38,24,0.0,0
193250,1427,8.21,0.66,115,0.0,0
273060,907,30.24,1.5,45,1.47,20
019210,10943,5.49,0.52,1027,5.32,300
122870,22130,39.28,3.24,1828,0.35,250
332570,1751,0.0,2.12,0,0.0,0
079000,10822,6.87,0.47,738,3.94,200
032820,634,54.61,1.98,23,0.0,0
041190,5124,0.0,0.67,0,0.0,0
115440,6002,0.0,1.32,0,0.0,0
046970,1191,0.0,1.24,0,0.0,0
082850,3829,4.26,0.52,469,0.0,0
298870,3066,19.65,0.83,130,5.87,150
215360,9123,0.0,2.18,0,0.76,150
072470,6615,0.0,0.55,0,1.23,45
073560,3660,4.82,0.48,361,2.87,50
037400,5363,4.79,0.26,296,0.0,0
153490,1491,9.9,0.7,105,0.0,0
101170,6520,15.17,0.9,385,1.71,100
066590,1867,0.0,1.6,0,0.0,0
103840,2810,0.0,1.87,0,0.0,0
046940,5745,15.36,0.55,207,0.0,0
215380,2322,0.0,1.14,0,0.0,0
065680,27094,9.92,0.54,1467,2.06,300
018620,1223,44.79,1.06,29,0.0,0
307280,768,22.83,2.68,90,0.49,10
032940,13943,1.66,0.25,2102,0.0,0
240810,18174,17.23,1.76,1854,0.63,200
074600,14286,13.4,1.92,2048,0.55,150
104830,35324,5.9,0.76,4579,2.96,800
014190,2811,13.7,0.59,121,0.0,0
217820,2979,8820.0,2.96,1,0.0,0
030530,14045,2.45,0.23,1333,0.0,0
012620,33693,3.81,0.27,2410,2.39,220
382840,7400,22.52,3.07,1008,0.88,200
336570,649,82.59,20.11,158,0.0,0
376980,4552,9.97,2.19,1002,0.0,0
008370,7508,5.6,0.55,739,4.84,200
008290,352,0.0,2.8,0,0.0,0
101160,11274,10.66,2.38,2514,0.19,50
064090,273,0.0,6.19,0,0.0,0
336060,569,0.0,3.07,0,0.0,0
095270,4678,0.0,1.31,0,0.0,0
065950,2793,117.08,1.01,24,0.0,0
076080,3066,0.0,1.4,0,0.0,0
043590,950,0.0,1.18,0,0.0,0
196700,2335,0.0,0.87,0,0.0,0
069080,19416,5.94,0.75,2441,2.55,370
053580,7610,14.03,1.57,852,0.0,0
071460,784,0.0,1.38,0,0.0,0
377460,13534,3.1,0.28,1232,0.0,0
044340,12784,67.9,0.73,138,4.27,400
330350,6295,37.55,1.12,188,0.0,0
348350,10908,11.48,1.27,1210,0.72,100
112040,11306,0.0,3.36,0,1.98,750
101730,2328,11.05,3.85,811,0.0,0
123420,20481,0.0,0.39,0,0.0,0
065370,4549,16.98,2.35,629,1.4,150
038620,1247,18.73,0.68,45,0.0,0
299900,1057,0.0,2.65,0,0.0,0
036090,1348,4.92,0.52,142,0.0,0
136540,13734,8.28,0.93,1537,3.93,500
320000,1228,25.57,2.0,96,0.0,0
097800,1278,0.0,1.22,0,0.0,0
192390,5848,5.75,0.58,590,0.0,0
313760,5344,0.0,2.6,0,0.0,0
335870,1659,0.0,1.17,0,0.0,0
036200,6780,12.76,1.25,666,1.18,100
018000,550,0.0,2.82,0,0.0,0
203450,2863,18.13,1.05,166,0.0,0
011320,5828,29.13,0.92,184,0.28,15
086390,6985,0.0,1.96,0,0.0,0
241690,4780,19.32,0.8,198,0.0,0
142210,5002,4.19,0.81,970,2.46,100
048430,10336,114.21,0.84,76,1.15,100
206650,3416,0.0,2.26,0,0.0,0
089850,13918,36.83,1.08,410,0.0,0
084440,260,17.97,8.85,128,0.0,0
032620,2300,64.79,2.0,71,1.3,60
264450,13948,6.73,1.01,2098,2.97,420
078070,14020,13.86,0.87,884,2.04,250
024800,12711,1.08,0.16,1877,0.0,0
054930,36579,5.66,0.94,6108,2.17,750
069330,1544,6.0,1.03,266,0.0,0
049520,7062,15.52,0.72,328,0.0,0
435380,0,0.0,0.0,0,0.0,0
446150,0,0.0,0.0,0,0.0,0
449020,0,0.0,0.0,0,0.0,0
450940,0,0.0,0.0,0,0.0,0
367480,0,0.0,0.0,0,0.0,0
430700,0,0.0,0.0,0,0.0,0
263770,2949,6.49,1.17,533,2.89,100
388720,4649,0.0,4.55,0,0.0,0
340930,5625,11.59,2.81,1364,0.0,0
023410,12896,8.8,0.28,407,4.75,170
056080,1175,65.92,7.29,130,0.0,0
373340,0,0.0,0.0,0,0.0,0
388800,0,0.0,0.0,0,0.0,0
413630,0,0.0,0.0,0,0.0,0
442130,0,0.0,0.0,0,0.0,0
084370,14595,19.98,2.32,1697,0.8,270
179900,2987,0.0,6.11,0,0.0,0
263050,2387,0.0,1.47,0,0.0,0
191410,2214,61.67,1.67,60,0.0,0
372170,17264,48.6,10.67,3790,0.08,150
072770,1001,0.0,2.77,0,0.0,0
039020,7375,29.06,0.38,96,1.79,50
067920,6660,8.32,0.86,692,3.13,180
044960,3499,23.49,1.44,215,0.79,40
303530,5515,136.1,1.9,77,0.0,0
296640,6096,15.68,1.29,500,1.4,110
302430,5721,58.87,2.82,274,0.0,0
274400,2166,0.0,5.55,0,0.0,0
056090,732,0.0,1.61,0,0.0,0
073490,19430,10.9,1.12,1996,1.61,350
215790,2424,9.9,0.57,140,0.0,0
344860,731,30.07,5.92,144,0.0,0
246960,2330,0.0,3.84,0,0.0,0
088390,22873,18.02,1.27,1609,0.0,0
272290,19465,8.91,1.98,4316,1.17,450
053350,6339,300.91,0.52,11,0.6,20
041520,16304,0.0,0.47,0,3.91,300
264850,1459,13.15,1.6,178,2.14,50
054210,10449,5.56,1.16,2177,1.24,150
164060,2551,20.0,3.58,456,0.0,0
065440,1583,31.54,1.3,65,0.0,0
115610,686,22.37,3.85,118,0.0,0
078020,18243,9.62,0.22,410,2.53,100
131400,1953,0.0,2.2,0,0.0,0
351330,5778,35.12,1.52,250,0.0,0
080010,11386,5.21,0.46,1002,1.92,100
086890,1941,0.0,3.51,0,0.0,0
047560,5228,0.0,2.88,0,0.0,0
067010,4243,7.06,0.71,427,4.98,150
102710,26565,6.55,0.81,3276,0.7,150
066980,2546,0.0,1.12,0,0.0,0
063760,7281,0.0,0.49,0,1.69,60
123570,4160,10.65,0.79,308,2.74,90
083470,602,0.0,4.64,0,0.0,0
095190,1889,0.0,1.41,0,0.0,0
091120,15775,23.98,3.22,2118,0.3,150
039030,43984,26.33,3.77,6293,0.6,1000
294090,3253,0.0,8.3,0,0.0,0
088290,2085,0.0,1.53,0,0.0,0
181340,1416,0.0,1.91,0,0.0,0
353810,1464,13.11,2.39,267,2.14,75
099750,5056,0.0,3.7,0,0.0,0
377330,7503,0.0,1.22,0,1.31,120
035810,8691,16.09,0.32,175,2.66,75
160600,1452,9.9,2.13,313,0.0,0
092130,3840,10.72,3.63,1300,7.46,1040
096040,113,0.0,2.4,0,0.0,0
134060,5208,8.25,1.08,680,0.0,0
001840,2371,126.55,1.55,29,0.0,0
024810,1779,0.0,0.51,0,0.0,0
041830,16524,9.07,1.43,2596,1.27,300
352940,4278,0.0,1.01,0,0.0,0
079950,2407,0.0,0.56,0,0.0,0
389470,3644,0.0,5.95,0,0.0,0
277410,1609,22.18,1.61,117,1.54,40
060150,7627,17.13,1.08,480,0.0,0
033230,1911,97.83,1.54,30,0.0,0
037330,4306,28.67,0.6,90,1.94,50
100030,18065,13.34,1.0,1360,3.97,720
211050,7144,6.26,1.8,2052,2.33,300
083640,1870,7.93,0.3,71,0.0,0
216050,8792,9.7,1.41,1281,3.13,389
049070,38127,4.37,0.7,6147,3.2,860
119610,15175,18.48,2.33,1910,1.7,600
017250,1549,30.72,0.99,50,0.0,0
051370,8480,16.08,1.24,656,0.0,0
064290,5469,29.16,7.11,1334,0.51,200
189300,19326,46.54,4.18,1736,0.12,100
150840,396,0.0,14.77,0,0.0,0
048530,3199,60.65,3.19,168,0.0,0
175140,2927,0.0,4.13,0,0.0,0
115310,47617,7.29,0.43,2806,4.4,900
039290,7237,59.12,1.4,171,0.2,20
071200,4723,996.0,1.05,5,0.0,0
101930,18255,0.0,0.51,0,0.0,0
333430,1091,45.95,3.33,79,0.0,0
068330,1256,18.64,1.32,89,0.42,7
178780,181,0.0,47.79,0,0.0,0
019540,7050,0.0,0.74,0,0.0,0
094820,8318,11.43,1.43,1040,2.78,330
049550,3570,20.99,1.19,202,0.0,0
389020,3592,250.0,8.21,118,0.0,0
254120,413,261.0,9.48,15,0.0,0
043910,838,230.4,1.37,5,0.0,0
234920,3107,0.0,5.41,0,0.0,0
289220,5387,0.0,2.21,0,0.0,0
174880,3146,0.0,0.17,0,0.0,0
049630,761,0.0,0.79,0,0.0,0
417840,7262,12.07,1.92,1156,0.0,0
110020,1390,0.0,4.09,0,0.0,0
208140,2849,5.14,0.85,470,4.14,100
040420,5207,7.97,1.36,890,7.48,530
045510,1313,32.34,0.94,38,0.0,0
217190,4588,9.92,3.02,1395,0.54,75
095700,7977,0.0,1.24,0,0.0,0
072520,1458,0.0,0.35,0,0.0,0
122310,6294,6.57,1.03,988,2.47,160
361390,4508,42.68,3.43,362,0.32,50
187420,1061,0.0,3.42,0,0.0,0
225220,5439,5.3,0.81,830,0.0,0
123330,2325,0.0,1.86,0,0.0,0
159580,4005,28.56,1.49,209,0.0,0
147830,3740,8.32,1.02,457,3.95,150
033100,4410,30.31,5.34,777,0.64,150
079370,27268,12.15,1.54,3464,0.83,350
054950,13728,21.93,2.19,1368,1.0,300
023440,1575,0.0,2.05,0,0.0,0
090470,10355,4.28,0.79,1904,2.45,200
287410,1116,33.73,11.51,381,0.0,0
137950,6715,7.95,1.1,929,2.17,160
033320,5716,293.33,0.77,15,0.0,0
417500,1895,11.2,2.41,407,0.0,0
204270,5867,0.0,1.49,0,0.0,0
026040,3047,28.65,0.8,85,4.11,100
126880,4884,18.24,1.17,313,1.75,100
322510,1108,0.0,28.93,0,0.0,0
033050,1326,14.26,0.84,78,0.0,0
094970,6195,1.86,0.53,1760,4.57,150
418550,2348,0.0,13.2,0,0.0,0
089790,5952,7.23,1.36,1118,0.0,0
052670,1223,0.0,1.7,0,0.0,0
199820,10811,17.7,1.09,665,1.7,200
038010,10111,6.38,0.82,1299,1.45,120
276730,524,0.0,2.25,0,0.0,0
080220,4234,6.11,1.02,706,0.0,0
216080,3197,248.78,6.38,82,0.0,0
229000,801,0.0,5.43,0,0.0,0
082270,3420,0.0,3.83,0,0.0,0
064800,2023,0.0,0.54,0,0.91,10
044060,961,0.0,0.76,0,0.0,0
034940,1706,98.28,1.04,18,0.0,0
067000,1443,63.83,2.08,47,0.0,0
033340,553,0.0,3.82,0,0.0,0
036930,10119,11.44,2.5,2211,0.76,193
239340,1158,0.0,2.43,0,0.0,0
051980,579,0.0,4.66,0,0.0,0
072020,9859,26.05,1.1,415,0.93,100
000440,13266,158.14,1.35,113,1.79,320
228760,5185,0.0,5.2,0,0.0,0
314130,6905,0.0,1.98,0,0.0,0
389030,1327,0.0,3.29,0,0.0,0
043610,2714,11.67,1.3,303,0.0,0
263860,5428,13.63,2.03,810,1.36,150
303030,612,0.0,2.41,0,0.0,0
036180,630,0.0,1.47,0,0.0,0
208350,4779,23.24,0.83,170,0.0,0
144510,35857,22.36,1.04,1664,0.94,350
358570,4782,0.0,5.54,0,0.0,0
382480,1427,22.44,2.61,166,0.91,34
382800,9720,11.57,2.46,2065,0.0,0
051160,8000,0.0,0.97,0,0.0,0
053050,2955,15.61,1.04,197,1.3,40
119850,7201,2.35,0.56,1727,1.23,50
065060,475,0.0,0.83,0,0.0,0
204840,259,0.0,2.81,0,0.0,0
270520,1152,0.0,7.33,0,0.0,0
311320,3883,22.34,3.08,535,0.84,100
388050,1693,216.9,5.38,42,0.0,0
219750,478,0.0,5.96,0,0.0,0
018120,11200,28.95,1.28,494,3.15,450
109820,1211,0.0,2.74,0,0.0,0
086060,5310,23.28,0.78,177,0.0,0
036890,10493,5.2,1.13,2276,2.54,300
363250,5066,0.0,4.92,0,0.0,0
007370,7199,5.28,0.82,1115,2.55,150
285800,1683,13.51,3.25,405,0.0,0
085660,5185,0.0,2.97,0,0.0,0
261780,1262,0.0,4.59,0,0.0,0
094850,5830,0.0,1.62,0,0.0,0
004650,17391,985.0,0.57,10,5.08,500
278280,34549,38.45,4.19,3763,0.35,500
362320,3143,30.4,2.44,252,0.0,0
066360,1429,8.09,1.05,185,0.0,0
047820,13331,0.0,0.41,0,0.0,0
131100,2869,0.0,0.84,0,0.0,0
052300,1688,0.0,0.21,0,0.0,0
094360,4471,34.15,7.95,1041,0.55,196
016790,301,0.0,15.7,0,0.0,0
016920,2502,11.65,0.56,121,0.71,10
284620,935,0.0,4.09,0,0.0,0
293490,20650,0.0,1.34,0,0.0,0
042000,6615,0.0,1.85,0,0.0,0
317530,1614,0.0,3.35,0,0.0,0
071850,5542,0.0,0.37,0,0.0,0
050110,1422,16.99,1.03,86,0.0,0
119860,14989,48.91,0.75,229,0.0,0
223310,1521,0.0,1.31,0,0.0,0
078340,95809,17.4,0.51,2807,2.66,1300
063080,45693,0.0,0.65,0,0.0,0
307930,4955,13.42,1.12,415,0.0,0
079190,451,0.0,2.0,0,0.0,0
263700,4648,0.0,1.08,0,0.0,0
214370,21980,73.07,9.24,2778,1.33,2700
221980,25215,6.24,0.53,2136,3.23,430
038530,728,0.0,0.49,0,0.0,0
424140,0,0.0,0.0,0,0.0,0
436530,0,0.0,0.0,0,0.0,0
440200,0,0.0,0.0,0,0.0,0
192250,987,20.67,1.51,72,2.02,30
115500,1523,95.65,4.33,69,2.12,140
089150,2027,73.97,1.42,39,2.08,60
025880,3833,9.85,0.68,266,1.91,50
093320,30111,12.33,2.15,5240,0.93,600
093640,2402,0.0,3.4,0,0.0,0
073010,943,26.41,3.08,110,0.0,0
105330,6569,7.59,1.75,1512,0.0,0
053080,12192,21.39,2.15,1227,1.14,300
272110,6769,16.97,3.15,1255,0.0,0
039420,2251,7.96,1.1,311,3.23,80
083550,12196,7.28,0.42,701,0.98,50
032500,6034,0.0,1.84,0,0.0,0
225430,1303,0.0,0.91,0,0.0,0
102370,4711,28.01,0.9,151,0.83,35
036030,4715,22.22,1.17,248,0.0,0
064820,6516,550.0,0.59,7,2.6,100
256940,2831,0.0,3.14,0,0.0,0
024880,10147,4.61,0.55,1220,2.49,140
042040,613,0.0,0.64,0,0.0,0
054410,7906,13.91,0.7,399,0.0,0
258610,2517,0.0,1.21,0,0.0,0
274090,3115,51.04,4.41,269,0.0,0
089010,9953,50.12,2.09,416,0.96,200
220260,2220,49.1,3.18,144,0.0,0
052400,10912,6.42,1.47,2495,0.0,0
402030,7148,0.0,10.31,0,0.0,0
391710,556,0.0,8.31,0,0.0,0
046070,302,0.0,1.95,0,0.0,0
047770,1585,9.75,1.24,201,0.0,0
078940,524,0.0,6.17,0,0.0,0
080530,844,0.0,1.53,0,0.0,0
104540,5324,80.21,2.2,146,0.0,0
027050,2725,87.35,1.57,49,0.0,0
190650,14959,2.32,0.41,2612,11.53,700
123410,5157,8.93,0.58,336,2.67,80
036690,3029,0.0,1.06,0,1.56,50
049430,21650,4.88,0.4,1769,2.89,250
183300,25921,13.29,2.16,4213,1.79,1000
041960,865,0.0,6.4,0,0.0,0
089890,3615,23.05,3.03,475,0.0,0
009730,1074,32.24,4.62,154,0.0,0
082660,384,0.0,3.93,0,0.0,0
222040,2109,0.0,2.4,0,0.0,0
241710,13732,102.21,1.85,249,0.0,0
069110,0,0.0,0.0,0,0.0,0
355150,1690,380.0,1.8,8,0.0,0
166480,1937,0.0,3.43,0,0.0,0
045970,2616,0.0,3.27,0,0.0,0
196450,1822,0.0,0.86,0,0.0,0
029960,3510,8.69,2.02,815,7.06,500
102940,14697,154.01,1.96,187,0.0,0
033290,5733,6.83,0.86,720,3.86,190
056360,14091,12.25,0.42,480,0.85,50
282880,12934,63.92,2.52,510,0.31,100
121850,631,0.0,3.34,0,0.0,0
448710,4912,30.87,4.29,682,0.0,0
015710,7255,0.0,0.58,0,0.0,0
052330,22459,4.11,0.36,1977,3.08,250
322780,1367,0.0,1.75,0,0.42,10
200130,13595,13.24,1.34,1371,1.7,308
294570,12657,63.71,1.82,361,0.43,100
317690,2420,0.0,2.1,0,0.0,0
365270,3335,0.0,3.84,0,0.0,0
348080,0,0.0,0.0,0,0.0,0
060280,2099,0.0,9.15,0,0.0,0
040350,308,0.0,1.45,0,0.0,0
051780,298,0.0,1.24,0,0.0,0
115180,2544,0.0,2.79,0,0.0,0
445680,6676,0.0,3.62,0,0.0,0
182360,2812,43.81,6.95,446,0.0,0
405100,2905,53.82,4.46,241,3.7,480
066310,8776,12.85,1.11,757,1.03,100
016600,730,0.0,0.51,0,0.0,0
096240,5467,27.03,3.01,609,10.94,1800
114120,1064,0.0,10.2,0,0.0,0
110790,29568,7.84,0.65,2455,2.6,500
045520,4443,0.0,1.65,0,0.0,0
036170,1836,13.86,0.53,70,0.0,0
214150,3564,29.83,9.75,1165,0.33,116
352770,2331,0.0,1.36,0,0.0,0
237880,10872,34.59,1.86,584,0.99,200
139670,704,0.0,7.09,0,0.0,0
413600,0,0.0,0.0,0,0.0,0
433530,0,0.0,0.0,0,0.0,0
446840,0,0.0,0.0,0,0.0,0
054780,3023,0.0,2.37,0,0.0,0
219130,8781,45.87,2.97,569,0.0,0
360070,12065,39.83,5.44,1647,0.0,0
065130,11955,0.0,0.68,0,0.0,0
134580,2151,0.0,1.98,0,0.0,0
023160,18560,13.88,1.03,1383,0.89,170
323280,1299,0.0,2.59,0,0.0,0
053620,21811,9.18,0.35,827,3.95,300
044490,24061,737.04,0.83,27,0.0,0
124560,5614,1.43,0.64,2494,4.21,150
191420,6070,292.12,1.59,33,0.0,0
073640,1034,4.68,1.76,389,0.0,0
066700,4487,15.57,1.04,299,0.0,0
095610,17483,7.74,1.14,2580,2.5,500
064520,4791,0.0,0.83,0,0.0,0
089030,6480,8.57,1.17,886,1.71,130
054450,12418,5.42,1.52,3480,0.69,130
091440,1709,0.0,1.28,0,0.0,0
200230,775,0.0,1.14,0,0.0,0
393210,1003,12.21,4.82,396,0.0,0
215480,3246,9.77,1.25,416,0.0,0
051360,11755,0.0,1.41,0,0.6,100
045340,2199,13.3,1.87,309,0.0,0
108230,8696,19.41,0.9,405,1.27,100
079970,649,0.0,1.6,0,0.0,0
199800,8940,0.0,4.03,0,0.0,0
417790,6066,11.72,1.75,906,0.0,0
105550,1536,0.0,1.68,0,0.0,0
290090,9248,0.0,1.4,0,0.0,0
026150,6046,72.53,1.19,99,0.0,0
322180,1046,0.0,6.73,0,0.0,0
117730,1752,0.0,18.21,0,0.0,0
033830,1286,17.31,0.7,52,1.67,15
057680,3220,0.0,1.11,0,0.0,0
204610,1498,6.12,0.9,220,4.45,60
064760,35707,11.94,2.69,8056,1.77,1700
246710,1853,0.0,6.32,0,0.0,0
340570,13141,18.85,3.73,2602,0.92,450
043220,443,0.0,1.56,0,0.0,0
277880,2416,67.75,4.74,169,0.0,0
131290,26649,9.48,1.64,4614,1.14,500
425420,5323,35.71,4.84,721,0.0,0
356860,11424,7.98,2.17,3108,1.21,300
062860,8417,0.0,0.69,0,0.0,0
321550,2541,0.0,2.87,0,0.0,0
425040,11340,8.06,3.45,4855,0.0,0
104480,10429,0.72,0.21,3028,0.0,0
081150,6547,7.15,0.7,645,0.65,30
130740,5508,0.0,0.46,0,0.0,0
084730,17281,38.79,0.79,354,0.0,0
058530,3652,0.0,0.44,0,0.0,0
440110,996,0.0,40.61,0,0.0,0
034230,15915,58.11,1.08,296,0.0,0
033540,1352,0.0,0.56,0,0.0,0
388870,1539,0.0,10.85,0,0.0,0
043200,564,0.0,1.31,0,0.0,0
214450,34433,33.66,3.98,4067,0.48,660
208340,966,0.0,2.22,0,0.0,0
177830,6099,7.07,0.66,566,2.5,100
037070,5338,21.85,1.88,460,1.99,200
150900,2799,15.35,2.5,456,1.43,100
037030,4665,41.67,0.83,93,0.0,0
047310,4861,0.0,3.13,0,0.0,0
368770,898,0.0,4.1,0,0.0,0
170790,10862,7.16,1.2,1818,2.3,300
049120,905,0.0,1.39,0,0.0,0
038950,10896,0.0,0.44,0,1.04,50
441270,3448,0.0,2.27,0,0.0,0
106240,5583,0.29,0.37,7096,0.0,0
131760,810,7.68,1.33,140,0.0,0
065690,5017,0.0,0.3,0,0.0,0
140860,17308,43.71,10.26,4061,0.23,400
091700,8739,11.54,0.92,700,3.71,300
032800,411,0.0,0.74,0,0.0,0
318010,7973,17.47,1.14,518,1.1,100
027710,1860,0.0,0.96,0,1.41,25
225590,2612,3.68,0.53,378,0.0,0
054300,804,84.22,0.94,9,0.0,0
068050,2656,0.0,1.52,0,0.0,0
222110,1613,0.0,3.56,0,0.0,0
271830,0,0.0,0.0,0,0.0,0
263750,11412,0.0,4.99,0,0.0,0
251970,17379,16.23,1.48,1580,1.4,360
168360,2451,24.81,5.5,543,0.0,0
087010,2575,0.0,13.79,0,0.0,0
119500,4072,24.38,0.87,146,1.69,60
389140,5491,0.0,1.8,0,0.0,0
022100,2715,98.17,10.85,300,0.25,75
009520,2752,224.57,9.47,116,0.14,37
189690,2548,9.27,0.92,253,4.26,100
318020,3760,37.79,4.81,479,0.0,0
256630,1367,134.36,1.38,14,0.53,10
331380,1096,16.68,2.18,143,1.26,30
234100,2807,41.04,0.69,47,0.0,0
041020,1338,17.46,3.85,295,0.0,0
114630,1470,10.22,0.47,67,0.0,0
290720,3672,0.0,2.21,0,1.23,100
005670,9493,11.05,0.53,452,1.8,90
094940,4150,300.42,1.74,24,0.28,20
007330,26018,5.06,0.33,1688,7.61,650
093380,7221,8.98,0.55,444,3.26,130
023900,11716,45.97,1.07,273,0.48,60
371950,3790,27.92,2.34,317,0.0,0
370090,4827,100.98,5.36,256,0.0,0
220100,3174,0.0,4.05,0,0.0,0
035200,4351,22.56,0.81,156,1.42,50
334970,1925,0.0,2.45,0,0.0,0
321260,1158,21.22,3.01,164,0.57,20
303360,1424,31.96,2.51,112,0.0,0
053610,30100,9.55,1.47,4626,1.13,500
377220,6214,33.19,1.22,229,0.0,0
335810,2879,0.0,2.28,0,0.0,0
053160,10692,43.36,1.0,247,0.47,50
405000,529,0.0,10.32,0,0.0,0
041590,555,0.0,2.35,0,0.0,0
367000,5752,21.06,1.75,479,0.0,0
075130,4387,0.0,0.55,0,4.15,100
237820,6161,13.58,0.85,386,0.0,0
023770,3213,0.0,1.67,0,0.0,0
300080,2305,0.0,12.73,0,0.0,0
032580,1482,5.29,0.89,249,0.0,0
051380,5845,0.0,1.16,0,4.41,300
241820,2356,0.0,2.67,0,0.0,0
237750,10577,12.38,0.53,453,0.0,0
319660,12197,7.38,1.61,2665,2.03,400
031980,13849,15.21,2.18,1982,1.66,500
002230,7706,0.0,0.57,0,4.59,200
057880,160,0.0,10.88,0,0.0,0
043370,32776,6.84,0.29,1376,2.13,200
239890,3090,23.1,6.15,822,0.0,0
347740,2359,12.89,1.31,239,1.14,35
137400,10866,24.74,6.16,2704,0.15,100
147760,4896,0.0,1.04,0,0.0,0
128660,2462,17.23,1.63,233,3.36,135
006140,8116,13.89,0.8,468,1.54,100
376180,1716,35.4,3.63,176,0.0,0
304840,347,0.0,25.24,0,0.0,0
062970,513,42.96,4.52,54,0.0,0
087600,13297,157.18,0.46,39,0.82,50
291810,1915,0.0,3.06,0,0.0,0
378340,3273,101.81,15.43,496,0.0,0
161580,4402,107.56,2.0,82,0.4,35
347770,2476,72.93,2.42,82,0.0,0
163730,4881,52.91,2.05,189,1.0,100
417180,1083,0.0,3.45,0,0.0,0
446750,0,0.0,0.0,0,0.0,0
448370,0,0.0,0.0,0,0.0,0
454750,0,0.0,0.0,0,0.0,0
454640,0,0.0,0.0,0,0.0,0
400560,0,0.0,0.0,0,0.0,0
406760,0,0.0,0.0,0,0.0,0
418170,0,0.0,0.0,0,0.0,0
427950,0,0.0,0.0,0,0.0,0
430230,0,0.0,0.0,0,0.0,0
435620,0,0.0,0.0,0,0.0,0
299030,9997,536.54,11.16,208,0.0,0
067310,5511,285.76,3.42,66,0.27,50
372290,0,0.0,0.0,0,0.0,0
166090,15244,10.66,2.87,4105,1.37,600
136480,2828,61.06,1.01,47,0.7,20
003380,29169,2.63,0.25,2736,1.67,120
101670,2675,0.0,7.85,0,0.0,0
365590,133,0.0,13.74,0,0.0,0
149980,4375,48.08,2.34,213,0.0,0
013030,29337,10.41,0.93,2633,2.19,600
126700,15075,11.48,1.34,1764,0.59,120
106080,1109,133.28,7.33,61,0.0,0
377400,0,0.0,0.0,0,0.0,0
400840,0,0.0,0.0,0,0.0,0
450050,0,0.0,0.0,0,0.0,0
221840,3108,0.0,1.04,0,0.0,0
106190,14098,15.98,0.94,828,0.53,70
373200,767,0.0,5.42,0,1.2,50
066130,8100,13.08,0.62,383,1.4,70
004590,11011,5.33,0.38,786,4.18,175
039340,7903,9.28,0.76,649,2.66,160
034950,25180,16.35,2.97,4582,6.81,5100
222980,3401,0.0,1.41,0,0.0,0
256840,2786,0.0,1.29,0,0.0,0
025550,5086,6.68,0.81,613,2.44,100
017890,21988,8.34,0.56,1474,0.41,50
080720,6733,0.0,0.76,0,0.0,0
063570,5747,22.06,1.08,282,1.77,110
041460,2469,21.92,1.64,185,1.73,70
101680,5835,50.74,0.53,61,0.0,0
039740,5496,7.35,0.56,417,0.0,0
053300,4250,30.07,1.08,153,2.61,120
025770,6792,13.99,1.24,604,0.0,0
409570,0,0.0,0.0,0,0.0,0
436610,0,0.0,0.0,0,0.0,0
023760,1461,2.8,0.38,200,5.0,28
054040,8505,4.11,0.53,1102,5.52,250
021650,4914,7.34,0.6,402,2.03,60
053590,285,0.0,1.17,0,0.0,0
032300,5484,0.0,2.91,0,0.31,50
037230,2250,0.0,1.02,0,1.53,35
030520,13442,7.26,1.06,1969,0.0,0
052600,3096,27.26,1.5,170,3.24,150
256150,6678,13.03,1.21,621,3.09,250
092460,5683,12.45,1.03,470,1.71,100
047080,774,25.06,2.66,82,0.0,0
114810,5429,7.5,1.5,1086,0.0,0
070590,1605,0.0,1.12,0,0.0,0
226440,391,0.0,3.91,0,0.0,0
042520,4732,36.38,4.8,624,0.0,0
078350,8129,5.11,1.57,2492,0.0,0
045100,27595,4.53,0.66,4044,3.28,600
024740,3587,10.47,0.68,232,0.0,0
005860,1371,0.0,3.76,0,0.0,0
123840,473,0.0,0.74,0,0.0,0
007770,33661,16.33,0.6,1237,0.5,100
198940,2596,660.0,1.53,6,0.0,0
079170,11955,8.89,0.88,1184,1.9,200
054920,5681,11.57,0.56,274,0.0,0
002680,1748,0.0,0.85,0,0.0,0
386580,0,0.0,0.0,0,0.0,0
430460,0,0.0,0.0,0,0.0,0
034810,30189,8.45,0.27,961,2.77,225
03481K,0,0.0,0.0,0,2.63,230
076610,312,0.0,1.3,0,0.0,0
059270,4230,0.0,1.5,0,0.0,0
220180,3291,57.5,0.94,54,0.0,0
214180,10867,5.55,1.23,2409,3.14,420
234340,15915,12.07,1.05,1380,3.0,500
084990,5338,0.0,1.11,0,0.0,0
170030,9031,10.03,0.84,753,2.2,166
319400,1344,41.39,2.56,83,0.87,30
048410,1468,0.0,19.58,0,0.0,0
052260,8619,33.96,1.25,318,0.65,70
041440,10029,11.28,0.68,600,1.03,70
039010,11707,24.84,0.53,250,2.09,130
090850,3874,10.0,1.65,639,1.25,80
092300,5041,17.91,0.92,258,2.16,100
138360,1139,0.0,0.86,0,0.0,0
011080,1140,0.0,0.92,0,0.0,0
060560,1092,11.7,1.14,106,0.81,10
064240,2748,0.0,1.65,0,0.0,0
039610,7732,19.51,0.72,286,0.0,0
126640,2900,8.07,0.56,202,2.45,40
127980,3125,26.82,3.08,359,5.09,490
061250,2639,0.0,0.73,0,0.0,0
097870,8788,16.62,0.88,464,1.3,100
290270,3782,0.0,1.03,0,1.03,40
353190,894,0.0,1.31,0,0.0,0
192410,536,0.0,1.08,0,0.0,0
090710,346,0.0,5.03,0,0.0,0
078590,261,28.0,9.12,85,0.0,0
205470,2838,1.77,0.91,1463,0.0,0
115160,6428,0.0,0.53,0,0.0,0
028080,9328,0.0,0.6,0,0.0,0
032860,1411,0.0,2.58,0,0.0,0
200670,15205,17.38,2.61,2281,1.26,500
065510,9709,13.04,2.16,1610,0.95,200
215090,511,8.5,2.95,177,0.0,0
263920,617,82.31,2.13,16,0.0,0
243070,23877,22.96,1.82,1897,1.38,600
084110,37909,0.0,0.65,0,2.02,500
145020,67095,24.73,1.77,4811,0.0,0
024060,5508,27.76,0.92,183,2.95,150
010240,7971,8.78,0.82,740,3.38,220
189980,2295,7.75,1.04,309,1.67,40
037440,5186,11.73,1.28,567,2.26,150
238490,5656,0.0,1.17,0,0.0,0
095570,8076,21.04,0.52,201,6.38,270
006840,41948,0.0,0.47,0,1.02,200
027410,16528,14.45,0.22,247,3.08,110
282330,55724,14.3,2.87,11203,2.56,4100
138930,30468,2.75,0.22,2404,9.47,625
001460,825735,9.6,0.49,42272,0.74,3000
001465,0,0.0,0.0,0,2.12,3050
001040,191537,11.69,0.37,6023,3.55,2500
079160,5510,0.0,1.4,0,0.0,0
00104K,0,0.0,0.0,0,4.34,2550
000120,179031,9.9,0.45,8190,0.62,500
011150,2107,14.8,1.44,205,0.0,0
011155,0,0.0,0.0,0,0.0,0
001045,0,0.0,0.0,0,5.83,2550
097950,459670,8.16,0.66,37188,1.81,5500
097955,0,0.0,0.0,0,4.1,5550
000480,21609,6.76,0.4,1279,5.21,450
000590,242997,4.54,0.24,12700,0.87,500
012030,1492,64.1,1.29,30,0.0,0
016610,22203,0.0,0.18,0,4.21,170
005830,89508,5.0,0.92,16373,5.62,4600
000990,37784,4.18,1.42,12858,2.42,1300
139130,31812,3.23,0.23,2266,8.87,650
001530,31182,7.07,0.64,2803,1.26,250
000210,194062,14.07,0.19,2679,2.65,1000
001880,45294,4.76,0.26,2445,2.15,250
000215,0,0.0,0.0,0,5.32,1050
375500,114397,2.96,0.26,10130,3.33,1000
37550L,0,0.0,0.0,0,4.68,1000
37550K,0,0.0,0.0,0,5.7,1050
007340,101507,4.26,0.88,20987,2.79,2500
004840,18971,63.0,0.27,80,0.79,40
155660,12480,3.01,0.36,1502,1.33,60
069730,12715,2.24,0.35,2009,1.33,60
017940,249560,2.34,0.23,24536,6.26,3600
383220,24159,8.95,4.29,11571,1.54,1600
007700,52493,5.12,0.33,3384,2.02,350
114090,6183,0.0,2.59,0,0.0,0
078930,133899,1.65,0.28,22634,6.68,2500
006360,56917,3.45,0.24,3997,9.42,1300
001250,4813,2.9,0.51,851,0.0,0
007070,39627,61.52,0.61,395,1.77,430
078935,0,0.0,0.0,0,7.43,2550
012630,44094,0.0,0.14,0,4.13,250
039570,11339,13.79,0.65,538,6.06,450
089470,10618,10.38,0.39,398,2.91,120
294870,43919,13.31,0.23,764,5.9,600
009540,137382,0.0,0.83,0,0.0,0
267250,105921,2.94,0.55,19933,7.85,4600
267270,80387,11.29,0.86,6112,2.54,1750
322000,34065,5.73,0.91,5412,1.94,600
042670,8273,8.67,1.22,1163,2.38,240
267260,22854,15.46,3.05,4514,0.72,500
329180,59566,0.0,2.03,0,0.0,0
097230,4624,0.0,0.83,0,0.0,0
014790,11284,7.73,0.21,300,0.0,0
003580,1507,0.0,2.65,0,0.0,0
204320,45998,20.18,0.92,2096,1.18,500
060980,102608,118.31,0.36,314,5.38,2000
011200,42300,0.85,0.42,20556,6.83,1200
082740,3099,0.0,3.15,0,0.0,0
035000,10892,5.5,0.54,1077,6.76,400
003560,303,0.0,0.79,0,0.0,0
175330,23551,2.88,0.37,2996,9.66,835
234080,9063,14.9,1.59,966,3.47,500
001060,10660,34.11,4.26,1331,0.83,375
001067,0,0.0,0.0,0,0.57,375
001065,0,0.0,0.0,0,1.13,400
096760,1513,13.67,2.83,313,2.34,100
105560,124124,4.75,0.42,10955,5.67,2950
002380,695902,43.05,0.28,4564,4.07,8000
344820,90484,6.86,0.45,5894,5.93,2400
009070,8350,4.66,0.49,879,1.46,60
009440,7463,0.0,0.46,0,1.47,50
119650,1562,0.0,1.17,0,0.0,0
092220,1912,11.79,0.86,140,3.64,60
003620,5846,0.0,1.37,0,0.0,0
016380,16907,1.46,0.46,5357,1.92,150
001390,57371,1.96,0.8,23384,1.09,500
033180,2771,0.0,0.16,0,0.0,0
015590,475,18.61,1.92,49,0.0,0
001940,75645,3.12,0.24,5760,3.34,600
025000,122776,7.27,0.36,6015,6.29,2750
092230,210854,21.86,0.23,2267,6.05,3000
000040,345,0.0,1.56,0,0.0,0
044450,17995,4.07,0.46,2016,4.27,350
030200,64880,6.27,0.5,5209,6.0,1960
033780,80114,10.06,1.07,8489,5.85,5000
058850,4834,7.0,0.63,436,3.93,120
058860,6434,5.86,0.46,501,4.09,120
093050,51612,2.66,0.28,5351,4.93,700
003550,164082,6.42,0.49,12422,3.76,3000
034220,27611,0.0,0.48,0,0.0,0
051900,364213,31.71,1.23,14112,0.89,4000
051905,0,0.0,0.0,0,2.21,4050
373220,80052,160.01,6.61,3306,0.0,0
003555,0,0.0,0.0,0,4.98,3050
032640,18996,6.62,0.54,1543,6.37,650
011070,180261,6.18,1.42,41406,1.62,4150
066570,116599,14.8,0.84,6640,0.71,700
066575,0,0.0,0.0,0,1.65,750
037560,8077,0.0,0.49,0,3.03,120
051910,445524,24.04,1.28,23670,1.76,10000
051915,0,0.0,0.0,0,3.0,10050
079550,42909,13.31,1.75,5641,2.0,1500
006260,144965,6.6,0.74,16306,1.44,1550
010120,52919,31.13,1.81,3077,1.15,1100
000680,7510,0.0,0.66,0,0.0,0
229640,4898,0.0,2.1,0,2.43,250
108320,58432,6.4,1.57,14368,4.9,4500
001120,62867,2.44,0.56,14325,8.58,3000
108670,87146,0.0,0.59,0,0.39,200
108675,0,0.0,0.0,0,1.23,250
383800,21133,3.7,0.38,2190,3.82,310
38380K,0,0.0,0.0,0,3.27,320
023150,10227,8.92,0.67,766,3.66,250
035420,151646,42.44,1.4,5007,0.43,914
181710,49179,0.0,0.53,0,0.0,0
005940,21824,11.66,0.47,881,6.82,700
005945,0,0.0,0.0,0,7.98,750
034310,21230,12.75,0.61,1012,3.18,410
030190,5732,11.36,1.75,882,3.69,370
008260,6580,3.48,0.9,1706,1.69,100
004250,9416,8.53,0.61,678,1.73,100
004255,0,0.0,0.0,0,3.57,105
456040,0,0.0,0.0,0,0.0,0
010060,166136,2.67,0.59,36941,2.53,2500
178920,11627,18.46,2.47,1557,2.71,779
005490,692323,13.24,0.79,41456,2.19,12000
010950,75353,4.04,0.97,18075,7.53,5500
010955,0,0.0,0.0,0,11.12,5525
034120,46405,3.22,0.6,8623,3.6,1000
005090,48174,3.17,0.53,8093,6.63,1700
001380,2695,0.0,0.53,0,0.0,0
004060,1234,53.67,0.39,9,0.0,0
001770,42355,2.53,0.53,8905,0.44,100
002360,857,36.76,0.73,17,1.6,10
009160,11050,3.05,0.38,1381,4.75,200
123700,11352,12.78,0.36,316,2.48,100
025530,11073,30.39,0.35,127,3.89,150
034730,391404,7.1,0.35,19547,3.6,5000
011790,50774,0.0,1.79,0,1.21,1100
018670,260823,4.3,0.47,28644,5.28,6500
001740,10311,15.85,0.61,395,1.92,120
006120,153209,1.87,0.26,21631,4.21,1700
006125,0,0.0,0.0,0,5.77,1750
210980,31414,6.55,0.64,3084,3.96,800
068400,11371,27.94,1.12,457,1.17,150
302440,22683,47.49,3.34,1596,0.0,0
326030,4042,0.0,21.4,0,0.0,0
402340,118972,23.92,0.37,1837,0.0,0
361610,30501,0.0,2.92,0,0.0,0
100090,9783,41.6,2.23,524,0.0,0
03473K,0,0.0,0.0,0,3.97,5050
096770,229593,9.56,0.76,18214,3.35,5840
096775,0,0.0,0.0,0,5.29,5890
001510,1525,27.35,0.41,23,0.79,5
001515,0,0.0,0.0,0,0.48,10
285130,124642,6.19,0.49,9910,2.45,1500
28513K,0,0.0,0.0,0,5.31,1550
017670,51911,11.47,0.91,4118,7.03,3320
000660,92004,36.15,1.27,3242,1.02,1200
003570,29430,9.52,0.33,1027,5.11,500
064960,66442,7.18,0.7,6470,3.44,1600
100840,38778,9.4,0.56,2292,3.71,800
036530,68239,4.47,0.23,3556,4.4,700
005610,48007,10.12,1.39,6568,2.56,1700
011810,1753,0.0,14.12,0,0.0,0
077970,11315,0.0,1.22,0,0.0,0
071970,6770,23.37,1.72,498,0.0,0
002820,12936,0.0,0.21,0,0.0,0
084870,2886,8.69,0.71,236,0.0,0
002710,8127,39.02,5.95,1239,0.25,120
069260,19290,10.27,1.14,2132,4.57,1000
002900,7778,2.56,0.74,2262,5.18,300
024070,7345,0.0,0.38,0,1.81,50
037270,2248,27.54,2.24,183,0.0,0
000500,49444,8.91,0.44,2458,0.23,50
000860,92542,21.8,0.22,952,2.41,500
035250,16846,26.61,0.9,570,2.31,350
011420,1210,11.47,1.58,167,0.0,0
002100,12997,6.62,0.77,1503,4.02,400
009450,35820,13.95,1.44,3707,0.97,500
267290,67007,4.82,0.3,4105,4.42,875
012320,205405,15.51,0.49,6519,0.74,750
000050,30304,52.15,0.3,177,1.35,125
214390,6011,283.08,1.22,26,0.68,50
012610,5831,12.06,0.71,345,1.2,50
009140,49149,10.96,0.46,2080,1.54,350
013580,84371,2.19,0.18,6828,3.34,500
012200,3924,0.0,0.51,0,1.24,25
012205,0,0.0,0.0,0,0.8,30
002140,4286,127.32,0.83,28,0.7,25
010130,455251,10.83,1.02,42967,4.3,20000
002240,64024,6.8,0.34,3242,1.36,300
009290,12593,10.65,0.5,588,1.6,100
017040,2621,20.6,0.97,124,0.39,10
017900,4514,8.62,0.53,275,2.11,50
037710,99270,4.48,0.32,7157,6.86,2200
030610,24572,7.42,0.21,681,3.96,200
339770,7157,35.79,1.07,214,2.61,200
007690,99565,5.66,0.49,8626,2.87,1400
005320,1997,35.44,0.44,25,0.0,0
001140,4100,0.0,1.02,0,0.0,0
002720,3666,22.56,1.08,176,0.0,0
083420,5251,63.66,1.49,123,2.94,230
014530,5808,7.04,0.72,593,4.79,200
014280,13661,3.18,0.45,1933,1.95,120
014285,0,0.0,0.0,0,1.27,130
008870,106871,0.0,0.85,0,1.44,1300
001570,2188,0.0,58.41,0,0.0,0
002990,15149,9.35,0.36,587,9.11,500
002995,0,0.0,0.0,0,3.56,550
011780,234861,3.11,0.49,37290,4.66,5400
011785,0,0.0,0.0,0,8.89,5450
214330,1749,0.0,0.5,0,0.0,0
001210,890,0.0,0.93,0,0.0,0
073240,3920,0.0,1.17,0,0.0,0
092440,8569,11.03,0.37,291,4.67,150
000270,98117,5.81,0.8,13495,4.46,3500
024110,36302,3.14,0.29,3320,9.2,960
013700,1753,0.0,0.89,0,1.28,20
004540,6481,0.0,0.34,0,0.0,0
004545,0,0.0,0.0,0,0.0,0
001260,10896,4.55,0.82,1969,0.0,0
008350,2376,9.77,0.98,238,0.0,0
008355,0,0.0,0.0,0,0.0,0
004270,3821,20.69,0.55,102,1.18,25
003920,1079345,0.0,0.42,0,0.22,1000
003925,0,0.0,0.0,0,0.43,1050
025860,10670,7.71,0.71,986,1.32,100
005720,22295,12.65,0.18,317,2.74,110
005725,0,0.0,0.0,0,3.9,115
002350,16520,0.0,0.47,0,1.28,100
002355,0,0.0,0.0,0,3.58,105
251270,66649,0.0,0.66,0,0.0,0
090350,17634,14.26,0.46,564,3.42,275
090355,0,0.0,0.0,0,2.57,280
000320,38479,4.64,0.29,2391,4.5,500
000325,0,0.0,0.0,0,2.66,505
006280,116367,20.24,1.0,5735,1.51,1750
005250,23095,18.94,0.6,727,2.18,300
005257,0,0.0,0.0,0,1.13,300
004370,398464,23.41,1.18,20081,1.06,5000
072710,231914,9.45,0.3,7353,3.6,2500
058730,7408,49.38,0.59,88,0.0,0
030210,11357,3.66,0.33,1019,4.03,150
023590,53655,2.01,0.32,8634,3.45,600
145210,3499,0.0,1.22,0,0.0,0
019680,5825,0.0,0.43,0,1.2,30
019685,0,0.0,0.0,0,2.67,45
006370,27810,0.0,0.42,0,0.43,50
008060,17890,11.91,0.37,549,6.12,400
00806K,0,0.0,0.0,0,4.45,405
353200,17302,8.17,1.68,3570,1.37,400
35320K,0,0.0,0.0,0,3.81,405
000490,15973,5.58,0.63,1812,0.99,100
008110,20487,7.17,0.36,1015,3.43,250
005750,9514,0.0,0.4,0,2.92,110
006570,5308,13.39,0.64,252,0.89,30
001680,37616,7.84,0.48,2306,4.42,800
001685,0,0.0,0.0,0,6.09,810
084690,20315,7.83,0.33,868,3.97,270
084695,0,0.0,0.0,0,3.57,280
128820,16329,0.0,0.23,0,0.0,0
117580,11539,0.0,0.61,0,3.57,250
016710,29781,60.13,0.45,225,1.85,250
003540,40616,8.07,0.35,1750,8.49,1200
003547,0,0.0,0.0,0,9.72,1200
003545,0,0.0,0.0,0,9.55,1250
009190,3353,14.09,1.06,252,0.0,0
014160,1753,8.66,0.66,134,0.0,0
047040,9040,3.65,0.5,1227,0.0,0
009320,539,0.0,2.77,0,0.0,0
003090,19933,5.64,0.7,2467,0.72,100
069620,54929,27.38,1.9,3816,0.57,600
000430,7802,19.21,0.75,304,1.71,100
006340,1273,62.72,0.89,18,0.0,0
006345,0,0.0,0.0,0,0.0,0
003220,11967,11.21,1.41,1510,2.07,350
024890,1532,0.0,1.59,0,0.0,0
002880,942,0.0,0.58,0,0.0,0
000300,503,0.0,1.69,0,0.0,0
012800,3225,34.42,0.51,48,0.0,0
015230,9161,4.8,0.74,1417,2.94,200
001070,37439,0.0,0.27,0,0.0,0
006650,301477,0.0,0.37,0,0.89,1000
001440,7000,68.89,1.77,180,0.0,0
084010,38135,1.89,0.33,6605,6.24,780
001790,5992,10.42,0.48,276,4.17,120
001795,0,0.0,0.0,0,5.1,125
001130,558185,5.26,0.23,24697,1.93,2500
003490,24426,4.94,0.97,4787,3.17,750
003495,0,0.0,0.0,0,3.05,800
005880,4912,3.62,0.37,507,0.0,0
003830,635611,3.54,0.17,29768,0.71,750
016090,5480,3.6,0.38,574,5.33,110
069460,1456,20.18,1.58,114,0.0,0
118000,1172,0.0,0.41,0,0.0,0
192080,43874,0.0,0.97,0,1.41,600
012510,15301,46.3,2.05,676,0.39,123
004830,5862,59.04,1.58,157,0.49,45
004835,0,0.0,0.0,0,0.72,50
024900,2608,12.87,2.4,487,0.0,0
145720,43354,12.03,2.77,9980,0.25,300
002150,7986,170.43,1.0,47,3.5,280
460850,0,0.0,0.0,0,0.0,0
460860,0,0.0,0.0,0,0.0,0
001230,34362,2.45,0.32,4474,4.56,500
023450,14281,11.57,2.42,2983,2.54,875
004140,2685,117.24,0.74,17,0.0,0
007590,12112,11.63,0.52,546,3.94,250
005960,25542,3.61,0.25,1737,7.97,500
005965,0,0.0,0.0,0,2.14,550
026960,15510,10.6,1.16,1701,4.05,730
002210,1872,0.0,3.08,0,0.0,0
102260,7735,6.31,0.58,714,4.44,200
000640,157100,52.13,0.59,1784,1.61,1500
170900,78380,39.59,0.8,1576,1.12,700
028100,15999,0.0,0.75,0,4.19,500
282690,27514,6.47,0.41,1747,8.84,1000
001520,4062,0.0,0.25,0,3.98,40
001527,0,0.0,0.0,0,1.49,150
084670,28704,0.0,0.47,0,0.0,0
082640,12252,8.07,0.31,475,0.0,0
001525,0,0.0,0.0,0,1.6,90
008970,740,27.42,1.22,33,0.0,0
092780,9239,27.93,0.6,198,1.08,60
049770,45847,6.43,0.66,4711,2.31,701
018500,1314,4.4,1.62,485,0.0,0
006040,69698,6.23,0.51,5748,3.07,1100
030720,13454,6.76,0.67,1328,2.78,250
014820,25113,13.69,1.35,2472,1.77,600
014825,0,0.0,0.0,0,2.77,650
163560,15353,10.86,0.4,561,1.97,120
004890,192642,5.67,0.3,10085,5.24,3000
002690,7970,10.8,0.23,169,0.55,10
000020,13165,12.91,0.72,736,1.89,180
000150,132422,0.0,0.79,0,1.91,2000
000157,0,0.0,0.0,0,2.12,2000
241560,50136,8.36,1.07,6421,2.51,1350
034020,11146,0.0,1.44,0,0.0,0
000155,0,0.0,0.0,0,3.76,2050
336260,7988,513.83,3.02,47,0.0,0
33626K,0,0.0,0.0,0,0.0,0
33626L,0,0.0,0.0,0,0.0,0
016740,5889,15.36,0.58,224,2.33,80
192650,6133,11.55,1.82,965,1.79,200
024090,28881,2.81,0.4,4097,7.81,900
003160,5841,13.12,1.27,564,1.35,100
092200,2625,60.76,1.83,79,0.0,0
013570,13814,0.0,0.43,0,2.04,120
210540,21781,8.08,0.6,1618,1.91,250
115390,11990,0.0,0.49,0,33.38,1953
032350,3223,0.0,4.64,0,0.0,0
089860,35333,10.42,0.76,2577,3.35,900
000400,1451,0.0,1.17,0,0.0,0
023530,338431,0.0,0.21,0,4.66,3300
020150,31661,52.53,1.58,950,0.6,300
280360,228909,17.35,0.47,6160,2.15,2300
004000,90075,10.4,0.66,5738,5.86,3500
286940,28084,13.15,0.94,2015,2.64,700
004990,100489,10.26,0.24,2387,6.12,1500
00499K,0,0.0,0.0,0,4.12,1550
005300,150133,10.53,0.89,12754,2.46,3300
005305,0,0.0,0.0,0,4.97,3305
011170,404799,75.76,0.32,1716,2.69,3500
071840,55987,0.0,0.18,0,2.94,300
027740,777,71.0,1.46,16,0.0,0
001080,79971,18.77,0.51,2168,0.61,250
138040,27050,5.89,1.83,8406,0.21,105
090370,3160,0.0,0.8,0,0.0,0
017180,2648,9.91,0.87,233,0.0,0
009900,7315,11.94,2.66,1633,0.0,0
012690,2123,40.47,1.22,64,1.93,50
005360,5502,18.1,0.55,166,2.33,70
009680,19912,9.01,0.45,988,4.49,400
009580,10484,4.58,0.31,721,4.55,150
009200,10014,5.96,0.22,365,2.3,50
033920,18143,0.0,0.31,0,4.15,230
008420,8612,2.32,0.36,1338,1.61,50
025560,3527,26.7,2.29,303,0.0,0
007120,2635,0.0,0.52,0,0.0,0
085620,10179,8.1,0.35,441,0.0,0
006800,21818,6.35,0.3,1033,3.05,200
00680K,0,0.0,0.0,0,5.63,200
006805,0,0.0,0.0,0,6.14,220
002840,70659,10.89,2.27,14752,0.93,1500
268280,75680,10.19,1.74,12932,1.75,2300
107590,95466,10.77,0.98,8717,0.75,700
134380,64815,9.16,1.12,7959,3.43,2500
003650,212260,4.5,0.33,15455,3.6,2500
377740,15707,1.56,0.32,3277,9.61,490
003610,5532,14.38,0.39,152,2.06,45
001340,4741,15.87,1.64,491,0.77,60
035150,7626,4.11,1.01,1882,1.94,150
002410,3085,0.0,0.78,0,0.0,0
007210,4254,15.26,0.63,175,0.94,25
002760,808,28.84,1.82,51,0.48,7
003850,7833,13.99,1.14,636,1.12,100
000890,593,0.0,0.89,0,0.0,0
003000,3845,0.0,1.76,0,0.0,0
001270,116987,4.69,0.19,4736,6.76,1500
001275,0,0.0,0.0,0,8.16,1550
026940,6300,9.1,0.51,355,2.32,75
011390,55020,26.23,1.17,2451,0.39,250
005030,316,0.0,1.54,0,0.0,0
002070,3232,0.0,0.42,0,0.0,0
100220,16097,0.0,0.27,0,2.32,100
090460,17692,5.14,1.32,4551,1.07,250
030790,277,0.0,3.26,0,0.0,0
005180,65119,19.14,0.85,2905,2.7,1500
003960,67677,2.91,0.42,9689,1.24,350
008040,1639,124.13,0.61,8,0.0,0
007160,102866,2.83,0.38,13998,0.88,350
014710,13889,8.46,0.29,482,0.98,40
006090,21856,8.8,0.36,905,1.51,120
001470,975,0.0,3.46,0,0.0,0
006400,251948,20.45,2.37,29191,0.17,1030
006405,0,0.0,0.0,0,0.37,1080
006660,32070,1.96,0.31,5102,0.8,80
028260,164524,8.22,0.62,12460,2.25,2300
02826K,0,0.0,0.0,0,2.85,2350
207940,126233,67.38,6.11,11442,0.0,0
032830,124081,7.49,0.53,8817,4.55,3000
018260,106311,9.59,1.28,14218,2.35,3200
028050,13741,10.47,2.58,3392,0.0,0
009150,103702,11.14,1.39,12977,1.45,2100
009155,0,0.0,0.0,0,3.19,2150
005930,57822,8.23,1.15,8057,2.18,1444
005935,0,0.0,0.0,0,2.65,1445
001360,1528,0.0,1.85,0,0.0,0
010140,4209,0.0,1.97,0,0.0,0
016360,69383,7.65,0.52,4730,4.7,1700
068290,17559,14.88,1.0,1179,1.14,200
029780,73934,5.01,0.39,5831,8.56,2500
000810,276525,8.34,0.91,30113,5.5,13800
000815,0,0.0,0.0,0,7.6,13805
006110,12540,62.15,7.75,1564,0.26,250
145990,136968,6.28,0.32,6872,2.9,1250
145995,0,0.0,0.0,0,5.43,1300
003230,60733,17.01,2.99,10665,0.77,1400
002170,147462,9.36,0.34,5339,3.0,1500
272550,22869,22.27,0.76,777,4.34,750
000070,240995,7.6,0.29,9173,5.02,3500
000075,0,0.0,0.0,0,6.87,3550
003720,1525,54.0,2.83,80,0.0,0
002810,26238,4.06,0.47,3054,4.84,600
005680,26088,9.65,0.34,909,3.42,300
023000,5807,9.07,0.51,327,3.54,105
004380,10179,15.42,1.22,804,2.42,300
002450,3225,6.05,0.35,186,4.44,50
004440,21073,0.0,0.21,0,0.0,0
000520,8884,0.0,0.82,0,0.0,0
009770,85204,0.0,0.3,0,3.91,1000
005500,20811,12.85,1.07,1728,3.6,800
004690,410695,7.56,0.26,14387,2.76,3000
010960,9788,12.94,0.35,265,5.54,190
004450,65831,0.0,0.52,0,3.53,1200
009470,10248,11.25,1.77,1611,1.66,300
011230,1085,0.0,5.77,0,0.0,0
001820,21828,14.08,1.83,2840,1.25,500
000390,12654,25.32,0.47,237,4.17,250
001290,2103,20.94,0.35,35,0.0,0
041650,9851,94.73,0.36,37,2.85,100
075180,11978,0.0,0.37,0,3.12,140
007540,92028,10.74,0.56,4831,0.39,200
248170,49786,9.59,0.55,2869,0.73,200
007860,24599,2.56,0.32,3034,1.29,100
200880,26709,7.79,0.6,2060,0.94,150
017390,270188,14.8,0.25,4554,2.6,1750
004410,76,97.5,2.57,2,0.0,0
004415,0,0.0,0.0,0,0.0,0
021050,2870,291.17,0.61,6,0.0,0
008490,37893,8.97,0.72,3056,1.46,400
007610,3277,0.0,0.92,0,0.0,0
136490,17831,8.24,0.45,975,1.25,100
014910,1756,14.75,0.94,112,0.3,5
014915,0,0.0,0.0,0,0.18,10
003080,6994,14.39,0.42,204,4.6,135
004980,16402,0.0,0.6,0,2.02,200
004985,0,0.0,0.0,0,1.97,250
011300,458,0.0,5.67,0,0.0,0
000180,9349,0.0,0.21,0,0.0,0
002420,5022,0.0,1.39,0,0.0,0
004360,54430,2.41,0.21,4819,2.59,300
004365,0,0.0,0.0,0,4.55,305
004490,91306,15.52,0.55,3222,1.2,600
001430,52580,8.92,0.44,2572,5.23,1200
306200,296062,2.46,0.47,56889,4.29,6000
003030,372105,2.68,0.5,68897,1.22,2250
019440,40593,6.7,0.36,2185,6.84,1000
058650,530930,3.32,0.2,31597,3.82,4000
013000,1597,24.49,0.81,53,0.0,0
091090,3875,0.0,0.33,0,0.0,0
021820,45187,0.0,0.16,0,0.35,25
067830,12290,10.88,0.22,243,1.13,30
033530,14878,108.91,0.47,64,1.43,100
075580,2993,29.01,2.05,212,2.44,150
068270,28937,40.1,5.2,3751,0.25,375
336370,15536,0.0,2.12,0,0.3,100
33637K,0,0.0,0.0,0,1.39,101
33637L,0,0.0,0.0,0,1.1,100
248070,5958,31.6,5.06,954,0.0,0
004430,28443,3.15,0.61,5497,2.88,500
126720,32090,5.66,0.62,3544,2.99,600
017550,2566,8.18,0.93,292,0.42,10
053210,17321,13.36,0.36,470,5.57,350
026890,6347,15.96,1.08,428,2.93,200
134790,37778,21.8,0.87,1516,1.21,400
016590,15417,4.13,0.35,1319,2.29,125
029530,109950,6.55,0.3,5007,4.57,1500
004970,35416,9.78,0.25,899,5.69,500
011930,1036,15.24,2.47,168,0.0,0
005390,2389,3.33,0.74,533,0.0,0
004170,418209,4.88,0.48,41282,1.86,3750
035510,27495,2.07,0.48,6381,3.79,500
034300,70930,0.0,0.2,0,3.47,500
031430,23264,5.19,0.74,3313,2.91,500
031440,75425,0.0,0.52,0,1.9,750
006880,8832,59.28,0.93,139,1.46,120
005800,40302,3.63,0.24,2611,1.58,150
001720,177863,5.16,0.31,10783,7.19,4000
001725,0,0.0,0.0,0,7.36,4050
009270,2866,6.1,0.48,224,7.32,100
002700,1165,113.33,1.46,15,0.59,10
002870,2895,0.0,0.31,0,5.54,50
019170,6690,0.0,2.62,0,0.0,0
019175,0,0.0,0.0,0,0.0,0
055550,95206,4.12,0.37,8454,5.93,2065
004080,11398,15.5,1.23,901,1.79,250
102280,528,0.0,0.51,0,0.0,0
003410,3172,20.98,1.68,254,8.26,440
004770,2101,16.22,1.11,144,0.0,0
015540,69,0.0,92.9,0,0.0,0
403550,7565,0.0,1.68,0,0.0,0
004920,1240,0.0,1.74,0,0.0,0
112610,21158,0.0,3.08,0,0.77,500
308170,12061,102.67,1.12,131,0.0,0
008700,1270,10.87,1.55,181,0.0,0
002790,44015,46.65,0.7,657,0.67,205
00279K,0,0.0,0.0,0,3.22,667
002795,0,0.0,0.0,0,2.05,210
090430,82107,62.6,1.49,1949,0.56,680
090435,0,0.0,0.0,0,1.9,685
002030,548397,3.84,0.32,46012,2.12,3750
183190,24770,6.14,0.4,1631,2.25,225
002310,89799,3.57,0.42,10540,2.66,1000
012170,384,0.0,1.84,0,0.0,0
267850,14410,15.94,0.86,774,4.05,500
020560,9289,22.05,1.18,498,0.0,0
122900,11376,12.92,0.8,706,6.58,600
010780,46278,4.71,0.65,6426,0.0,0
139990,9135,164.51,0.92,51,0.0,0
001780,2639,24.03,1.41,155,0.0,0
018250,13672,35.05,1.62,632,1.4,310
161000,15115,12.75,1.05,1249,3.45,550
011090,748,0.0,0.8,0,0.0,0
137310,28794,1.29,0.4,8997,8.53,990
005850,35492,10.28,0.97,3360,1.74,600
010580,603,24.46,3.73,92,0.0,0
012750,45045,12.2,1.21,4467,4.59,2500
023960,1320,10.97,1.45,175,0.0,0
298690,1086,0.0,2.84,0,0.0,0
078520,4422,219.72,1.79,36,0.0,0
015260,741,0.0,2.43,0,0.0,0
007460,923,0.0,2.68,0,0.0,0
003060,720,29.47,0.78,19,0.0,0
244920,6449,1.9,0.65,2226,4.74,200
036570,157391,11.65,1.59,21456,2.67,6680
380440,0,0.0,0.0,0,0.0,0
085310,1457,7.73,0.72,136,0.0,0
097520,17477,20.77,1.54,1293,1.86,500
014440,8125,9.72,0.41,343,1.5,50
111770,64162,3.77,0.9,15377,2.64,1530
009970,176464,2.08,0.45,37988,3.87,3050
003520,491,0.0,4.91,0,0.0,0
000670,2272640,2.45,0.23,213453,1.91,10000
006740,3320,234.02,13.67,194,1.72,779
012280,1191,101.67,0.77,9,0.0,0
012160,2456,0.0,0.27,0,0.0,0
015360,112673,0.0,0.29,0,7.59,2500
007310,528433,4.57,0.7,80501,2.45,9000
002630,702,2.21,0.91,288,0.0,0
271560,64606,12.33,1.89,9926,0.78,950
001800,35982,8.83,0.42,1712,4.63,700
011690,518,0.0,1.68,0,0.0,0
070960,7847,0.0,0.41,0,0.0,0
316140,39505,2.72,0.29,4191,9.93,1130
010050,772,6.73,0.92,105,3.25,23
006980,67491,448.98,0.33,49,0.0,0
017370,5701,56.2,1.69,171,0.31,30
105840,7877,19.23,1.17,478,1.63,150
010400,13930,0.0,0.38,0,0.0,0
049800,5139,3.3,0.7,1092,1.39,50
016880,978,11.32,1.19,103,0.0,0
095720,3142,85.0,0.73,27,4.79,110
005820,55263,5.84,0.37,3500,1.71,350
010600,561,0.0,5.2,0,0.0,0
008600,1522,0.0,0.31,0,0.0,0
033270,22971,9.11,1.21,3058,1.44,400
014830,135798,3.62,0.4,14826,3.72,2000
446070,18122,95.0,0.47,90,0.0,0
000910,7741,0.0,0.74,0,2.19,125
047400,1996,0.0,1.72,0,1.02,35
011330,1678,65.15,1.28,33,0.93,20
077500,13196,8.06,1.13,1853,1.34,200
002920,11419,3.88,0.25,741,4.17,120
000700,13726,4.64,0.41,1218,7.08,400
003470,8081,12.18,0.31,209,4.32,110
003475,0,0.0,0.0,0,6.25,160
072130,4499,17.78,0.73,185,0.0,0
000220,7144,0.0,0.66,0,2.22,105
000225,0,0.0,0.0,0,2.61,110
000227,0,0.0,0.0,0,1.06,110
001200,10623,24.55,0.39,168,1.45,60
000100,28354,55.15,2.59,1329,0.55,400
000105,0,0.0,0.0,0,0.68,410
003460,10892,33.58,0.21,67,4.89,110
003465,0,0.0,0.0,0,5.16,120
008730,13460,0.0,2.41,0,0.77,250
008250,18762,13.51,0.36,501,1.48,100
025820,3804,27.63,1.24,171,1.06,50
214320,42482,11.76,0.98,3530,5.18,2150
139480,418373,1.89,0.17,37528,2.81,2000
457190,0,0.0,0.0,0,0.0,0
007660,3515,21.91,10.1,1620,0.28,100
005950,11236,17.95,1.63,1019,2.73,500
015020,1165,0.0,0.64,0,0.0,0
093230,1584,0.0,0.88,0,0.0,0
074610,1107,0.0,5.56,0,0.0,0
102460,13956,37.83,1.12,415,0.96,150
084680,1742,33.63,0.77,40,0.0,0
000760,54787,932.78,0.31,18,0.0,0
014990,537,0.0,1.75,0,0.0,0
101140,747,0.0,0.63,0,0.0,0
006490,567,0.0,2.17,0,0.0,0
023800,13364,10.37,0.73,947,2.04,200
034590,48520,8.66,0.53,2956,4.88,1250
129260,8867,2.19,0.27,1092,5.01,120
023810,11399,7.75,0.9,1320,1.76,180
249420,7140,0.0,2.3,0,0.0,0
000230,1046,0.0,9.69,0,0.99,100
013360,2224,13.7,0.71,115,0.32,5
003120,60174,1.55,0.36,14122,18.33,4005
003200,39009,1.85,0.24,5047,5.35,500
007110,713,37.83,1.59,30,0.0,0
007570,12974,15.78,1.26,1036,0.92,150
007575,0,0.0,0.0,0,1.18,175
008500,3682,0.0,3.5,0,0.0,0
081000,28217,0.0,0.54,0,1.98,300
020760,562,0.0,2.03,0,0.0,0
103590,9304,14.01,0.98,653,1.42,130
271940,8667,120.88,2.71,194,0.0,0
015860,9402,10.13,0.43,400,3.7,150
226320,20944,0.0,0.82,0,0.88,150
317400,12735,2.1,0.4,2447,5.84,300
033240,17892,0.0,1.43,0,0.0,0
000950,184874,0.44,0.14,59197,3.87,1000
194370,20205,2.54,0.64,5118,6.54,850
025620,10836,0.0,0.73,0,0.0,0
030000,11967,9.96,1.59,1913,6.03,1150
271980,10837,0.0,1.58,0,0.29,50
001560,12792,27.91,0.65,297,3.26,270
002620,22003,0.0,0.51,0,0.44,50
006220,16243,13.77,0.54,636,1.14,100
089590,3986,0.0,3.26,0,0.0,0
004910,16695,0.0,0.4,0,1.5,100
004700,106403,28.31,0.45,1706,0.0,0
001550,11842,7.98,1.12,1664,0.0,0
462520,0,0.0,0.0,0,0.0,0
120030,134669,9.77,0.76,10425,1.47,1500
018470,1476,18.73,1.8,142,0.0,0
002600,256975,9.51,0.69,18552,3.68,6500
185750,51191,13.03,1.69,6625,1.16,1000
063160,26941,0.0,0.85,0,0.0,0
001630,108745,240.18,0.48,219,2.66,1400
044380,730,0.0,0.83,0,0.0,0
013890,34132,15.41,0.75,1658,2.07,530
013870,13567,7.41,0.34,621,1.74,80
071320,143557,0.0,0.18,0,0.0,0
088790,8369,6.08,0.27,367,3.14,70
003780,3941,13.11,1.57,472,3.23,200
010640,3071,14.79,1.68,349,3.88,200
100250,6258,7.27,0.52,452,6.09,200
051630,2199,0.0,1.41,0,0.0,0
272450,2116,0.0,6.65,0,0.0,0
011000,2340,0.0,1.88,0,0.0,0
002780,1545,3.38,0.75,341,0.0,0
002787,0,0.0,0.0,0,0.0,0
002785,0,0.0,0.0,0,0.0,0
009310,1317,0.0,0.37,0,0.0,0
000650,18651,0.0,2.68,0,0.0,0
012600,1111,0.0,2.24,0,0.0,0
033250,895,0.0,0.96,0,0.0,0
035720,22893,15.6,2.12,3106,0.12,60
323410,11988,46.29,2.14,553,0.31,80
377300,13583,109.46,3.28,407,0.0,0
006380,665,0.0,1.49,0,0.0,0
109070,402,0.0,10.2,0,0.0,0
001620,1765,12.93,0.34,46,0.0,0
029460,58058,2.27,0.32,8092,1.91,350
281820,20995,7.88,1.01,2692,1.18,250
381970,5112,18.65,2.3,631,6.46,760
007815,0,0.0,0.0,0,0.0,0
007810,20204,6.49,0.8,2507,0.0,0
00781K,0,0.0,0.0,0,0.0,0
003690,22976,6.64,0.33,1132,5.72,430
192820,51220,76.17,2.73,1838,0.0,0
044820,31502,0.0,0.32,0,0.0,0
005070,8199,167.76,18.66,912,0.0,0
005420,6118,131.29,7.17,334,0.0,0
071950,562,0.0,1.17,0,0.0,0
002020,76319,1.8,0.24,10012,3.05,550
003070,22544,1.94,0.49,5710,3.6,400
003075,0,0.0,0.0,0,2.91,450
450140,0,0.0,0.0,0,0.0,0
45014K,0,0.0,0.0,0,0.0,0
002025,0,0.0,0.0,0,4.39,600
120110,94856,8.51,0.53,5934,2.57,1300
120115,0,0.0,0.0,0,5.35,1350
138490,6728,8.56,1.2,939,2.24,180
021240,31887,6.49,1.28,6314,3.17,1300
036420,9617,0.0,1.65,0,0.0,0
031820,1259,3.71,0.59,201,0.0,0
192400,31140,4.1,0.49,3755,5.2,800
284740,31261,4.14,0.68,5118,3.3,700
264900,16001,3.97,0.53,2116,2.97,250
26490K,0,0.0,0.0,0,2.49,252
005740,20510,10.23,0.28,559,1.75,100
005745,0,0.0,0.0,0,1.04,105
259960,108962,14.81,1.45,10666,0.0,0
020120,7338,0.0,0.75,0,0.91,50
039490,183566,5.36,0.52,17919,3.13,3000
014580,6444,8.84,1.17,850,1.73,130
015890,10077,7.32,0.84,1154,3.55,300
006890,12992,18.91,1.14,782,1.35,200
003240,4906107,1.44,0.12,406090,0.3,1750
011280,4948,9.53,0.49,253,2.07,50
004100,3058,0.0,0.65,0,0.25,5
004105,0,0.0,0.0,0,0.29,10
009410,19502,2.4,0.2,1607,5.84,225
009415,0,0.0,0.0,0,3.81,230
001420,4033,0.0,1.29,0,0.96,50
007980,4369,3.54,0.44,548,1.55,30
055490,31365,9.11,1.17,4013,2.46,900
078000,19820,13.82,0.48,688,6.31,600
214420,3871,0.0,1.6,0,0.0,0
019180,4827,0.0,0.69,0,1.5,50
363280,42418,2.6,0.16,2579,2.24,150
36328K,0,0.0,0.0,0,2.27,175
091810,371,0.0,7.17,0,0.0,0
004870,1505,0.76,0.35,697,0.0,0
005690,1328,38.24,5.24,182,0.0,0
036580,7532,0.0,0.47,0,1.42,50
004720,13118,1.31,0.45,4498,0.0,0
028670,8404,3.47,0.52,1267,3.41,150
010820,1183,94.59,2.96,37,0.0,0
016800,52783,46.75,0.57,646,3.64,1100
001020,1297,0.0,0.66,0,0.0,0
090080,755,12.52,1.84,111,0.0,0
010770,7178,0.0,0.45,0,4.63,150
058430,57026,14.53,0.96,3785,1.59,875
047050,32288,17.05,2.52,4780,1.23,1000
003670,31922,273.41,13.08,1527,0.07,300
017810,11212,0.0,0.87,0,1.04,102
103140,67365,5.33,0.51,6395,2.93,1000
005810,99583,4.52,0.35,7614,3.78,1300
009810,685,42.14,0.86,14,0.0,0
086790,124935,3.18,0.3,11803,8.92,3350
293480,15515,10.21,0.92,1405,3.55,510
039130,7960,0.0,6.33,0,0.0,0
352820,66995,186.96,3.53,1265,0.0,0
071090,7380,5.89,0.46,574,0.59,20
019490,1353,0.0,1.83,0,0.0,0
000080,16906,15.52,1.15,1250,4.9,950
000087,0,0.0,0.0,0,6.59,1000
000140,26118,6.05,0.33,1427,5.79,500
000145,0,0.0,0.0,0,4.85,550
036460,118693,1.39,0.2,17317,0.0,0
005430,110940,21.66,0.37,1888,0.0,0
071050,145614,4.63,0.35,10900,4.55,2300
071055,0,0.0,0.0,0,6.04,2362
010040,6218,143.26,0.53,23,1.37,45
025540,84382,11.73,0.66,4723,1.26,700
010100,9592,4.15,0.47,1095,1.54,70
004090,13490,10.62,0.71,906,1.14,110
002200,7340,5.46,0.4,531,2.76,80
002960,86889,10.99,2.6,20555,7.96,18000
000240,40622,7.09,0.31,1749,5.24,650
123890,7620,3.5,0.41,885,7.1,220
015760,63158,0.0,0.28,0,0.0,0
006200,3242,2.88,0.33,369,4.7,50
027970,1760,32.33,0.72,39,0.0,0
023350,14302,16.03,0.41,365,1.71,100
025890,2671,17.73,1.02,154,0.0,0
000970,15912,12.06,0.42,559,5.93,400
104700,20372,2.91,0.29,2055,5.03,300
017960,9394,28.41,1.42,471,0.97,130
161890,29024,0.0,1.97,0,0.87,500
024720,33447,0.0,0.45,0,2.01,300
161390,72196,7.01,0.55,5658,2.02,800
034830,4503,11.63,0.27,106,7.3,90
007280,3322,2.74,0.57,687,0.0,0
047810,14648,38.64,3.21,1215,0.53,250
123690,1409,301.35,7.91,37,0.0,0
003350,13033,28.66,2.45,1113,0.31,100
011500,9977,25.95,1.46,561,0.82,120
002390,27596,17.13,0.48,776,3.01,400
053690,17414,9.9,1.39,2449,2.27,550
042700,4008,61.55,14.42,939,0.35,200
008930,10673,34.21,3.24,1010,0.58,200
128940,70131,45.58,4.32,6648,0.17,500
009240,28093,0.0,2.09,0,1.36,800
020000,60819,3.39,0.31,5599,3.95,750
003680,9257,20.0,0.54,250,0.0,0
105630,13687,9.6,1.53,2182,2.39,500
069640,1408,0.0,1.69,0,0.0,0
016450,10535,8.15,0.42,543,5.65,250
010420,2311,15.0,0.6,92,1.81,25
009180,3726,2.87,0.68,882,2.77,70
213500,31224,3.35,0.33,3104,6.73,700
014680,70184,12.55,2.52,14099,1.19,2100
004710,9749,13.85,0.66,468,1.54,100
004150,13522,2.45,0.21,1144,4.28,120
025750,1903,0.0,0.52,0,0.0,0
004960,63050,1.86,0.12,3928,4.1,300
011700,2861,0.0,1.47,0,0.24,10
001750,36091,4.78,0.25,1858,9.0,800
001755,0,0.0,0.0,0,7.39,850
018880,4190,247.37,2.24,38,3.83,360
009420,3319,4660.0,7.02,5,0.0,0
014130,8649,9.12,0.61,581,2.45,130
300720,20910,10.86,0.59,1138,4.69,580
002220,7065,0.0,0.43,0,1.0,30
006390,18827,8.4,0.88,1971,3.62,600
003300,46069,3.92,0.25,2904,7.03,800
051600,27016,14.76,1.22,2226,3.97,1305
052690,14284,139.19,4.6,472,0.43,283
130660,2947,15.37,2.6,499,2.97,228
002320,96471,6.58,0.22,3290,2.77,600
003480,13021,6.17,0.27,563,2.88,100
180640,37047,4.42,1.21,10143,0.38,170
18064K,0,0.0,0.0,0,0.79,195
005110,275,0.0,1.32,0,0.0,0
009460,1851,48.29,0.55,21,1.97,20
372910,4596,15.02,1.09,333,0.0,0
000880,70822,1.78,0.36,14169,2.98,750
00088K,0,0.0,0.0,0,5.83,800
452260,0,0.0,0.0,0,0.0,0
45226K,0,0.0,0.0,0,0.0,0
088350,9020,2.53,0.24,855,0.0,0
000370,1426,2.17,2.82,1856,0.0,0
009830,47292,18.77,0.74,1873,0.0,0
009835,0,0.0,0.0,0,0.0,0
272210,10697,0.0,1.24,0,1.89,250
012450,56612,27.14,1.9,3964,0.93,1000
042660,6945,0.0,5.51,0,0.0,0
000885,0,0.0,0.0,0,2.72,800
003530,7273,0.0,0.34,0,0.0,0
003535,0,0.0,0.0,0,0.0,0
195870,26311,6.82,2.43,9376,1.41,900
101530,9537,0.0,0.57,0,3.66,200
143210,9053,0.0,0.34,0,0.0,0
000720,69028,9.54,0.5,3637,1.73,600
000725,0,0.0,0.0,0,1.25,650
453340,0,0.0,0.0,0,0.0,0
086280,183094,5.4,0.94,31729,3.33,5700
064350,13930,15.84,2.06,1812,0.0,0
079430,21802,0.0,0.37,0,0.0,0
012330,410816,8.45,0.56,27163,1.74,4000
010620,53525,0.0,1.58,0,0.0,0
069960,209760,9.87,0.31,6593,2.0,1300
004560,34806,7.22,0.36,1715,0.81,100
004310,3144,0.0,1.3,0,0.73,30
017800,28992,22.3,1.48,1924,1.17,500
307950,53924,36.69,2.83,4154,0.75,1140
011210,124563,23.18,0.46,2463,1.23,700
004020,142260,4.41,0.24,7736,2.93,1000
005440,20860,5.49,0.17,640,5.97,210
005380,407147,6.53,0.46,28521,3.76,7000
005387,0,0.0,0.0,0,6.8,7100
005389,0,0.0,0.0,0,6.95,7050
005385,0,0.0,0.0,0,6.93,7050
001500,38617,3.18,0.22,2654,6.51,550
011760,36053,3.13,0.57,6554,2.93,600
227840,25341,2.89,0.43,3810,4.55,500
126560,6836,0.0,0.43,0,3.06,90
001450,53896,3.99,0.53,7099,6.94,1965
057050,171103,5.56,0.24,7541,6.21,2600
093240,2200,5.81,0.69,262,0.0,0
003010,10052,0.0,0.59,0,1.0,60
111110,14510,2.78,0.56,2932,3.68,300
008770,14543,0.0,6.04,0,0.23,200
008775,0,0.0,0.0,0,0.47,250
002460,39046,4.57,0.26,2229,4.91,500
378850,4879,6.28,0.86,668,1.19,50
241590,8870,0.0,0.92,0,0.55,45
006060,6884,204.41,0.5,17,5.41,188
013520,3752,26.63,0.45,63,2.98,50
010690,10839,5.94,1.23,2254,0.75,100
133820,2628,0.0,0.67,0,0.0,0
010660,6506,18.61,0.51,180,0.9,30
000850,156939,2.05,0.22,17039,7.17,2500
016580,21845,9.56,0.69,1567,2.0,300
032560,19636,3.28,0.4,2380,2.56,200
004800,128334,77.86,0.48,786,7.35,4500
094280,5956,9.7,2.04,1254,6.17,750
298040,104660,169.55,1.78,1097,0.0,0
298050,158341,14.9,2.64,28053,3.59,15000
298020,283313,118.95,1.13,2686,3.13,10000
298000,36068,0.0,2.65,0,0.0,0
093370,3882,11.27,3.04,1047,0.17,20
081660,31226,6.35,1.16,5720,4.35,1580
005870,11026,7.64,0.49,707,0.0,0
079980,11585,0.0,0.56,0,0.0,0
005010,16181,0.87,0.31,5675,7.05,350
000540,11208,1.34,0.26,2142,0.0,0
000545,0,0.0,0.0,0,0.0,0
003280,544,20.01,3.46,94,0.0,0
